seg,dia_ver,dia_inv,d_ver_ord,d_inv_ord
0,8544.239258,6029.09082,8655.427734,6037.630371
2,8538.705078,6037.630371,8655.117188,6029.09082
4,8556.333008,6025.855469,8650.758789,6025.855469
6,8563.195313,6022.599609,8649.875,6022.599609
8,8559.34375,6020.984375,8649.875,6021.845703
10,8559.34375,6021.845703,8649.59668,6021.727539
12,8569.733398,6018.464844,8649.186523,6021.368652
14,8559.599609,6014.197754,8647.648438,6021.226074
16,8553.214844,6016.564453,8647.648438,6021.116211
18,8553.214844,6013.708984,8643.085938,6021.101074
20,8548.369141,6021.116211,8642.651367,6020.984375
22,8564.248047,6007.732422,8642.651367,6020.621094
24,8561.488281,6014.160156,8642.574219,6019.822266
26,8561.488281,6019.291016,8641.459961,6019.68457
28,8564.28125,6014.165039,8641.459961,6019.291016
30,8564.28125,6011.710938,8640.117188,6019.28418
32,8579.81543,6003.614746,8635.058594,6018.854492
34,8585.348633,6003.614746,8633.87793,6018.577148
36,8581.591797,6009.856445,8633.640625,6018.464844
38,8581.591797,6009.79248,8633.640625,6018.258789
40,8562.455078,6015.472656,8633.152344,6017.614746
42,8570.398438,6017.013672,8631.500977,6017.013672
44,8570.398438,6018.258789,8630.436523,6016.786133
46,8565.125,6019.68457,8630.436523,6016.564453
48,8566.089844,6015.566406,8629.785156,6016.51709
50,8566.089844,6014.649414,8629.367188,6015.566406
52,8558.467773,6015.182617,8629.367188,6015.472656
54,8558.291992,6018.577148,8629.142578,6015.182617
56,8546.794922,6011.632324,8628.886719,6014.649414
58,8546.794922,6011.203125,8628.601563,6014.197754
60,8550.702148,6012.004883,8627.952148,6014.165039
62,8545.228516,6019.822266,8626.901367,6014.160156
64,8552.415039,6021.368652,8624.579102,6013.708984
66,8546.800781,6017.614746,8622.000977,6012.004883
68,8544.573242,6019.28418,8622.000977,6011.710938
70,8542.234375,6020.621094,8621.797852,6011.632324
72,8547.642578,6016.51709,8621.59668,6011.548828
74,8538.144531,6021.727539,8621.59668,6011.203125
76,8534.609375,6018.854492,8619.166016,6010.317383
78,8532.835938,6016.786133,8619.166016,6010.265625
80,8533.15625,6021.101074,8618.936523,6009.860352
82,8527.322266,6021.226074,8618.936523,6009.856445
84,8516.320313,6010.317383,8618.916016,6009.79248
86,8516.320313,6008.556641,8618.660156,6009.765137
88,8529.661133,6003.621094,8617.003906,6008.556641
90,8529.661133,6003.979492,8616.564453,6007.732422
92,8535.317383,6009.765137,8615.428711,6007.213867
94,8541.083008,6007.213867,8614.454102,6006.93457
96,8582.324219,6005.990234,8614.454102,6005.990234
98,8581.623047,6011.548828,8613.633789,6005.562988
100,8581.012695,6009.860352,8613.125,6005.498047
102,8578.819336,6005.498047,8612.984375,6005.280273
104,8579.320313,6006.93457,8612.78125,6003.979492
106,8583.029297,6010.265625,8612.78125,6003.621094
108,8584.898438,6005.562988,8612.654297,6003.614746
110,8583.503906,6005.280273,8612.548828,6003.614746
112,8586.954102,5983.258301,8612.267578,5997.729492
114,8586.954102,5951.061035,8611.425781,5997.285156
116,8586.830078,5947.109375,8611.304688,5996.713867
118,8592.160156,5950.32666,8611.230469,5995.789551
120,8599.198242,5946.254883,8611.230469,5994.695313
122,8589.569336,5933.282227,8610.253906,5993.963867
124,8589.569336,5935.245605,8608.15625,5993.169922
126,8578.464844,5935.245605,8608.15625,5992.610352
128,8584.168945,5927.773438,8607.792969,5992.322754
130,8580.641602,5926.708008,8607.505859,5991.680664
132,8577.951172,5923.553711,8607.292969,5991.619141
134,8577.951172,5925.675781,8607.292969,5991.40332
136,8574.720703,5918.679199,8606.760742,5990.995117
138,8564.638672,5913.052734,8606.378906,5990.206543
140,8564.638672,5914.602539,8605.826172,5988.889648
142,8566.227539,5912.644531,8605.758789,5988.275391
144,8557.291992,5911.027344,8605.609375,5987.89209
146,8557.291992,5914.102051,8605.328125,5987.589355
148,8578.53125,5916.496094,8605.150391,5986.884766
150,8575.165039,5910.085938,8604.890625,5986.585938
152,8575.165039,5910.319336,8604.890625,5986.475586
154,8576.623047,5910.083008,8604.789063,5985.436035
156,8576.738281,5902.25293,8604.420898,5985.306641
158,8576.738281,5901.783203,8604.420898,5985.111328
160,8571.473633,5902.432617,8604.05957,5984.353516
162,8571.473633,5899.836914,8604.05957,5983.903809
164,8548.74707,5900.259766,8604.023438,5983.824219
166,8551.775391,5905.080078,8603.759766,5983.513672
168,8549.994141,5902.273438,8603.759766,5983.258301
170,8543.564453,5913.095703,8603.640625,5982.677734
172,8543.564453,5911.074219,8603.640625,5982.37793
174,8548.416016,5907.49707,8603.320313,5982.211914
176,8548.416016,5901.384766,8603.320313,5982.157227
178,8559.539063,5901.626953,8602.75,5981.72168
180,8559.539063,5903.062012,8602.75,5981.157715
182,8554.157227,5909.036133,8602.243164,5980.776367
184,8553.462891,5907.689453,8602.112305,5980.533691
186,8559.383789,5920.396484,8601.836914,5980.457031
188,8559.383789,5914.27002,8601.496094,5980.176758
190,8557.188477,5911.720703,8601.408203,5979.796875
192,8552.404297,5897.872559,8601.160156,5979.750977
194,8554.545898,5906.744141,8600.8125,5979.724609
196,8554.545898,5921.328125,8600.8125,5979.633301
198,8550.758789,5927.27832,8600.379883,5979.606934
200,8550.608398,5923.680176,8600.262695,5979.390625
202,8543.251953,5942.941406,8599.425781,5979.000977
204,8548.920898,5939.717773,8599.425781,5978.78418
206,8548.920898,5944.161133,8599.198242,5978.254883
208,8542.069336,5951.097656,8598.286133,5978.132813
210,8559.908203,5951.90918,8597.485352,5978.129883
212,8559.908203,5940.475586,8597.485352,5977.876465
214,8569.581055,5942.162109,8597.196289,5977.614258
216,8580.199219,5947.035156,8597.189453,5977.507813
218,8590.179688,5949.630859,8597.189453,5977.433105
220,8602.243164,5946.238281,8597.136719,5977.270508
222,8599.425781,5952.295898,8597.097656,5976.780762
224,8599.425781,5948.578613,8597.097656,5976.723633
226,8597.196289,5950.012207,8597.044922,5976.318359
228,8593.317383,5953.415039,8596.736328,5976.293945
230,8594.225586,5953.490234,8596.472656,5976.211426
232,8597.189453,5956.227051,8596.433594,5976.121094
234,8597.189453,5954.242188,8596.433594,5976.003906
236,8577.495117,5993.169922,8596.086914,5975.566895
238,8577.044922,5985.436035,8596.086914,5975.373047
240,8577.044922,5975.151855,8596.040039,5975.3125
242,8604.789063,5977.507813,8596.040039,5975.287109
244,8597.136719,5979.000977,8595.411133,5975.151855
246,8606.760742,5971.929688,8595.411133,5975.075195
248,8596.472656,5962.145508,8595.277344,5974.541504
250,8590.576172,5964.064453,8595.0625,5974.145508
252,8590.576172,5963.537109,8594.386719,5973.955566
254,8583.255859,5962.577148,8594.386719,5973.943848
256,8591.047852,5963.568359,8594.225586,5973.628906
258,8605.150391,5971.649414,8594.126953,5973.535156
260,8601.836914,5982.211914,8594.126953,5973.404297
262,8604.420898,5977.876465,8593.317383,5973.27832
264,8604.420898,5990.995117,8592.573242,5973.246094
266,8597.485352,5997.729492,8592.160156,5973.140625
268,8597.485352,5993.963867,8591.832031,5972.827637
270,8605.758789,5985.111328,8591.113281,5972.572266
272,8594.126953,5984.353516,8591.047852,5972.460938
274,8594.126953,5971.313965,8590.576172,5972.405273
276,8601.160156,5979.750977,8590.576172,5972.339355
278,8591.113281,5980.776367,8590.179688,5972.228516
280,8595.0625,5979.796875,8590.037109,5971.929688
282,8595.411133,5972.339355,8589.569336,5971.893555
284,8595.411133,5981.72168,8589.569336,5971.74707
286,8583.336914,5987.589355,8588.612305,5971.649414
288,8583.336914,5988.275391,8588.09668,5971.52832
290,8586.570313,5974.541504,8587.894531,5971.500488
292,8618.660156,5972.572266,8587.311523,5971.444824
294,8618.936523,5968.119141,8586.954102,5971.40918
296,8618.936523,5971.893555,8586.954102,5971.313965
298,8605.826172,5968.700195,8586.830078,5971.295898
300,8642.574219,5966.584961,8586.570313,5970.881836
302,8649.59668,5972.405273,8585.884766,5969.917969
304,8649.875,5977.614258,8585.884766,5969.818359
306,8649.875,5973.955566,8585.870117,5969.701172
308,8655.427734,5976.723633,8585.633789,5969.518555
310,8649.186523,5976.003906,8585.633789,5969.427734
312,8655.117188,5969.427734,8585.348633,5969.220215
314,8631.500977,5969.220215,8584.959961,5969.20459
316,8633.152344,5977.270508,8584.898438,5968.947266
318,8641.459961,5973.140625,8584.168945,5968.780273
320,8641.459961,5967.922852,8583.503906,5968.700195
322,8650.758789,5969.20459,8583.336914,5968.424805
324,8643.085938,5975.3125,8583.336914,5968.119141
326,8635.058594,5979.606934,8583.255859,5967.922852
328,8629.785156,5982.677734,8583.029297,5967.898926
330,8629.142578,5973.27832,8582.874023,5967.855469
332,8628.601563,5976.121094,8582.874023,5967.735352
334,8628.886719,5967.466797,8582.40625,5967.466797
336,8633.640625,5965.311035,8582.324219,5967.313477
338,8633.640625,5962.45459,8582.311523,5967.302246
340,8633.87793,5963.395508,8582.311523,5967.045898
342,8616.564453,5965.115234,8581.623047,5966.984375
344,8618.916016,5966.665527,8581.611328,5966.68457
346,8617.003906,5960.583008,8581.591797,5966.665527
348,8624.579102,5965.9375,8581.591797,5966.584961
350,8629.367188,5971.500488,8581.166016,5966.491699
352,8629.367188,5971.40918,8581.166016,5966.407715
354,8627.952148,5972.827637,8581.012695,5966.369141
356,8630.436523,5977.433105,8580.641602,5966.161621
358,8630.436523,5979.633301,8580.598633,5966.149414
360,8647.648438,5975.287109,8580.598633,5966.009766
362,8647.648438,5975.373047,8580.199219,5965.9375
364,8640.117188,5973.943848,8579.81543,5965.89502
366,8642.651367,5975.075195,8579.582031,5965.779297
368,8642.651367,5972.460938,8579.452148,5965.694336
370,8621.59668,5967.313477,8579.320313,5965.521484
372,8621.59668,5968.780273,8579.192383,5965.311035
374,8576.765625,5980.457031,8578.895508,5965.115234
376,8566.625977,5980.533691,8578.819336,5964.999023
378,8566.625977,5971.295898,8578.767578,5964.948242
380,8568.302734,5981.157715,8578.53125,5964.946777
382,8568.302734,5987.89209,8578.464844,5964.799805
384,8569.773438,5994.695313,8578.053711,5964.666504
386,8557.523438,5996.713867,8577.951172,5964.633789
388,8551.038086,5991.680664,8577.951172,5964.45459
390,8551.755859,5988.889648,8577.495117,5964.429688
392,8550.545898,5991.619141,8577.044922,5964.399414
394,8557.306641,5990.206543,8577.044922,5964.296875
396,8557.306641,5982.157227,8576.765625,5964.276367
398,8555.740234,5986.475586,8576.738281,5964.274414
400,8538.967773,5986.585938,8576.738281,5964.245117
402,8545.300781,5992.610352,8576.623047,5964.209473
404,8545.300781,5983.903809,8575.495117,5964.140625
406,8546.265625,5983.513672,8575.375,5964.112305
408,8554.908203,5986.884766,8575.165039,5964.064453
410,8553.587891,5983.824219,8575.165039,5964.013672
412,8558.786133,5979.390625,8574.720703,5963.820313
414,8558.786133,5976.293945,8574.419922,5963.722656
416,8547.544922,5982.37793,8573.564453,5963.568359
418,8547.544922,5980.176758,8573.109375,5963.537109
420,8545.267578,5976.211426,8573.109375,5963.395508
422,8550.750977,5968.424805,8571.473633,5963.03418
424,8544.606445,5976.780762,8571.473633,5962.993164
426,8514.668945,5971.74707,8571.410156,5962.961914
428,8506.200195,5960.733887,8571.410156,5962.848633
430,8506.200195,5958.955078,8570.398438,5962.737793
432,8499.988281,5964.209473,8570.398438,5962.577148
434,8532.282227,5962.291016,8570.206055,5962.506836
436,8547.902344,5971.52832,8570.206055,5962.502441
438,8544.419922,5969.818359,8569.773438,5962.45459
440,8537.181641,5966.161621,8569.733398,5962.435547
442,8537.181641,5962.993164,8569.581055,5962.291016
444,8547.351563,5968.947266,8569.390625,5962.145508
446,8547.599609,5964.013672,8569.390625,5962.094727
448,8549.211914,5969.917969,8569.296875,5962.07373
450,8545.849609,5971.444824,8569.296875,5962.06543
452,8548.427734,5967.898926,8569.161133,5961.978516
454,8552.973633,5964.45459,8568.867188,5961.93457
456,8556.027344,5959.128418,8568.75,5961.771484
458,8556.027344,5947.920898,8568.75,5961.562988
460,8552.728516,5944.672363,8568.544922,5961.508789
462,8538.274414,5945.430664,8568.302734,5961.362305
464,8538.274414,5953.335938,8568.302734,5961.239258
466,8532.148438,5962.094727,8568.145508,5961.200195
468,8526.317383,5966.149414,8568.058594,5961.089844
470,8526.317383,5964.429688,8567.77832,5960.903809
472,8533.299805,5966.68457,8567.264648,5960.818359
474,8533.299805,5963.722656,8566.625977,5960.780273
476,8529.942383,5964.112305,8566.625977,5960.733887
478,8529.942383,5962.06543,8566.601563,5960.640137
480,8529.509766,5962.961914,8566.601563,5960.583008
482,8497.814453,5964.948242,8566.575195,5960.141602
484,8497.814453,5964.276367,8566.227539,5960.138672
486,8486.28418,5967.045898,8566.089844,5959.723633
488,8477.795898,5967.302246,8566.089844,5959.690918
490,8470.587891,5962.737793,8565.125,5959.586914
492,8461.492188,5961.93457,8564.638672,5959.577637
494,8461.873047,5967.855469,8564.638672,5959.483398
496,8464.460938,5966.009766,8564.530273,5959.345215
498,8463.601563,5974.145508,8564.530273,5959.34375
500,8463.601563,5958.137695,8564.287109,5959.128418
502,8465.089844,5951.272461,8564.28125,5959.035156
504,8465.089844,5961.200195,8564.28125,5958.955078
506,8450.438477,5961.508789,8564.248047,5958.852539
508,8450.438477,5969.701172,8563.425781,5958.805176
510,8461.079102,5963.820313,8563.425781,5958.798828
512,8468.306641,5958.315918,8563.195313,5958.459961
514,8468.306641,5954.808594,8562.56543,5958.415039
516,8465.027344,5956.291016,8562.455078,5958.315918
518,8457.90332,5959.723633,8561.555664,5958.287109
520,8455.158203,5960.780273,8561.488281,5958.197266
522,8455.158203,5959.035156,8561.488281,5958.137695
524,8449.183594,5966.491699,8560.955078,5958.087891
526,8449.183594,5961.771484,8560.955078,5958.019043
528,8447.240234,5955.890625,8560.74707,5957.322266
530,8450.389648,5958.287109,8560.514648,5957.282715
532,8450.389648,5951.144531,8560.514648,5957.16748
534,8459.129883,5952.263672,8559.908203,5957.145996
536,8480.110352,5948.001465,8559.908203,5957.143066
538,8479.076172,5953.087891,8559.716797,5957.051758
540,8486.359375,5954.897461,8559.599609,5957.023438
542,8486.359375,5956.025879,8559.539063,5956.770996
544,8478.996094,5960.818359,8559.539063,5956.40918
546,8469.738281,5964.140625,8559.383789,5956.291016
548,8473.303711,5964.274414,8559.383789,5956.227051
550,8470.525391,5966.407715,8559.34375,5956.025879
552,8470.525391,5965.694336,8559.34375,5955.938477
554,8478.007813,5966.984375,8559.292969,5955.890625
556,8483.376953,5966.369141,8559.292969,5955.538086
558,8480.158203,5961.362305,8558.786133,5955.501465
560,8480.158203,5964.245117,8558.786133,5954.992676
562,8489.443359,5955.538086,8558.467773,5954.95459
564,8487.344727,5954.992676,8558.291992,5954.897461
566,8524.600586,5956.770996,8557.523438,5954.808594
568,8524.600586,5962.435547,8557.306641,5954.771484
570,8523.100586,5953.883789,8557.306641,5954.504883
572,8527.626953,5964.399414,8557.291992,5954.365234
574,8527.626953,5962.848633,8557.291992,5954.242188
576,8537.125977,5965.89502,8557.188477,5953.883789
578,8543.417969,5960.138672,8556.333008,5953.490234
580,8542.804688,5960.640137,8556.25,5953.415039
582,8545.283203,5963.03418,8556.249023,5953.335938
584,8529.681641,5961.562988,8556.027344,5953.299805
586,8532.383789,5959.483398,8556.027344,5953.087891
588,8529.998047,5958.459961,8555.853516,5952.295898
590,8531.583984,5956.40918,8555.740234,5952.263672
592,8529.768555,5958.852539,8555.490234,5952.003906
594,8529.768555,5961.089844,8554.908203,5951.998047
596,8528.162109,5958.197266,8554.90625,5951.90918
598,8528.162109,5958.805176,8554.90625,5951.836914
600,8530.266602,5964.633789,8554.545898,5951.675781
602,8526.386719,5961.239258,8554.545898,5951.624023
604,8525.466797,5950.644043,8554.183594,5951.379883
606,8527.625,5953.299805,8554.157227,5951.359863
608,8527.625,5945.968262,8554.091797,5951.272461
610,8528.899414,5954.771484,8553.587891,5951.144531
612,8534.819336,5947.967773,8553.462891,5951.097656
614,8531.504883,5949.234375,8553.214844,5951.061035
616,8535.317383,5949.553711,8553.214844,5950.691406
618,8532.754883,5951.675781,8552.973633,5950.678711
620,8532.754883,5955.938477,8552.826172,5950.644043
622,8530.431641,5957.143066,8552.728516,5950.396484
624,8533.017578,5949.192383,8552.415039,5950.32666
626,8543.038086,5948.537109,8552.404297,5950.012207
628,8543.038086,5949.441406,8552.256836,5949.93457
630,8541.849609,5950.678711,8552.076172,5949.630859
632,8551.795898,5954.504883,8552.032227,5949.59082
634,8543.359375,5959.577637,8551.796875,5949.553711
636,8544.139648,5957.16748,8551.795898,5949.441406
638,8544.139648,5958.798828,8551.775391,5949.234375
640,8542.625,5959.345215,8551.755859,5949.192383
642,8540.279297,5959.690918,8551.555664,5948.578613
644,8529.554688,5957.051758,8551.555664,5948.537109
646,8529.554688,5951.359863,8551.082031,5948.240234
648,8536.060547,5957.145996,8551.038086,5948.001465
650,8546.263672,5950.691406,8550.826172,5947.967773
652,8539.660156,5954.95459,8550.826172,5947.920898
654,8539.660156,5959.34375,8550.758789,5947.326172
656,8545.96582,5950.396484,8550.750977,5947.109375
658,8538.146484,5992.322754,8550.702148,5947.035156
660,8536.323242,5995.789551,8550.648438,5946.254883
662,8536.323242,5997.285156,8550.648438,5946.238281
664,8541.396484,5991.40332,8550.608398,5946.079102
666,8529.897461,5985.306641,8550.545898,5945.968262
668,8510.948242,5978.78418,8550.293945,5945.430664
670,8510.948242,5978.129883,8549.994141,5944.672363
672,8518.073242,5973.535156,8549.796875,5944.161133
674,8517.813477,5976.318359,8549.211914,5942.941406
676,8515.320313,5972.228516,8548.920898,5942.162109
678,8515.320313,5964.946777,8548.920898,5941.449219
680,8512.859375,5957.282715,8548.74707,5940.864258
682,8512.859375,5951.836914,8548.427734,5940.475586
684,8515.946289,5957.023438,8548.416016,5939.717773
686,8515.946289,5949.93457,8548.416016,5938.175781
688,8521.28125,5946.079102,8548.369141,5937.862793
690,8517.30957,5940.864258,8548.103516,5935.245605
692,8513.396484,5893.216797,8548.103516,5935.245605
694,8522.964844,5897.970703,8547.953125,5933.282227
696,8529.208984,5902.088867,8547.953125,5931.336914
698,8526.97168,5891.813477,8547.902344,5930.963379
700,8522.327148,5895.930176,8547.642578,5928.689941
702,8522.327148,5895.577637,8547.599609,5927.773438
704,8514.241211,5898.338379,8547.544922,5927.27832
706,8518.086914,5895.518066,8547.544922,5927.094727
708,8517.708984,5879.371094,8547.454102,5926.785156
710,8507.540039,5874.092773,8547.444336,5926.708008
712,8507.742188,5866.12793,8547.444336,5926.037109
714,8498.146484,5871.696289,8547.379883,5925.783203
716,8500.388672,5873.210938,8547.379883,5925.675781
718,8494.088867,5874.630859,8547.351563,5924.494141
720,8479.364258,5876.834961,8547.022461,5923.680176
722,8481.166016,5887.844727,8547.022461,5923.553711
724,8478.337891,5878.654297,8546.800781,5922.625977
726,8490.453125,5878.360352,8546.794922,5922.59375
728,8490.453125,5872.526367,8546.794922,5922.338867
730,8483.821289,5873.541504,8546.461914,5922.3125
732,8484.035156,5869.389648,8546.265625,5921.675293
734,8491.572266,5872.699219,8546.263672,5921.551758
736,8487.505859,5880.930664,8546.098633,5921.328125
738,8487.505859,5872.666992,8546.080078,5921.221191
740,8486.763672,5871.479492,8545.96582,5921.076172
742,8479.607422,5866.887695,8545.849609,5921.075195
744,8476.516602,5861.81543,8545.300781,5920.939941
746,8473.460938,5865.852539,8545.300781,5920.90332
748,8473.460938,5873.109375,8545.283203,5920.470703
750,8485.086914,5870.505859,8545.267578,5920.396484
752,8489.036133,5874.628906,8545.233398,5920.213867
754,8478.0625,5872.852051,8545.228516,5919.98877
756,8492.696289,5870.033691,8544.886719,5919.65332
758,8493.779297,5870.253906,8544.886719,5919.520508
760,8493.779297,5868.641602,8544.606445,5919.294922
762,8494.088867,5873.079102,8544.573242,5918.853516
764,8496.969727,5860.889648,8544.419922,5918.833984
766,8496.969727,5863.046875,8544.239258,5918.795898
768,8493.276367,5863.27002,8544.200195,5918.679199
770,8493.276367,5859.301758,8544.139648,5918.618652
772,8487.78418,5860.049805,8544.139648,5918.485352
774,8478.890625,5860.59668,8543.737305,5918.411133
776,8483.922852,5863.523926,8543.564453,5917.96875
778,8497.411133,5862.240723,8543.564453,5917.687988
780,8494.78418,5858.557617,8543.423828,5917.419922
782,8494.78418,5848.160156,8543.417969,5917.308594
784,8491.696289,5846.451172,8543.359375,5917.080566
786,8505.44043,5860.70166,8543.251953,5917.080566
788,8505.44043,5865.83252,8543.164063,5916.678711
790,8503.397461,5870.283691,8543.038086,5916.496094
792,8503.397461,5862.540039,8543.038086,5916.491211
794,8497.157227,5864.22998,8542.897461,5916.373047
796,8492.889648,5869.586914,8542.897461,5916.225586
798,8502.176758,5869.990234,8542.804688,5915.775391
800,8502.176758,5891.589844,8542.625,5915.724609
802,8496.701172,5899.201172,8542.311523,5915.529297
804,8515.517578,5914.333008,8542.311523,5915.307129
806,8515.517578,5916.225586,8542.234375,5914.914063
808,8528.723633,5919.294922,8542.069336,5914.839355
810,8528.723633,5927.094727,8541.916992,5914.74707
812,8535.671875,5920.213867,8541.849609,5914.704102
814,8516.833008,5918.833984,8541.396484,5914.648438
816,8528.894531,5920.90332,8541.360352,5914.602539
818,8566.601563,5918.853516,8541.360352,5914.563477
820,8566.601563,5922.59375,8541.083008,5914.457031
822,8552.256836,5921.551758,8541.044922,5914.333008
824,8556.249023,5915.529297,8541.044922,5914.293945
826,8575.495117,5926.785156,8541.011719,5914.27002
828,8587.894531,5924.494141,8541.011719,5914.142578
830,8588.09668,5919.98877,8540.714844,5914.102051
832,8584.959961,5919.520508,8540.668945,5914.088867
834,8585.870117,5921.076172,8540.668945,5913.99707
836,8588.612305,5917.96875,8540.279297,5913.792969
838,8585.633789,5917.308594,8540.167969,5913.720703
840,8585.633789,5926.037109,8540.111328,5913.720703
842,8582.40625,5921.675293,8539.746094,5913.65625
844,8575.375,5921.075195,8539.693359,5913.555664
846,8590.037109,5908.52832,8539.660156,5913.543945
848,8582.874023,5900.376953,8539.660156,5913.381836
850,8582.874023,5897.100586,8538.967773,5913.345215
852,8597.097656,5895.900391,8538.894531,5913.280273
854,8597.097656,5823.057617,8538.891602,5913.095703
856,8604.05957,5820.71875,8538.705078,5913.052734
858,8604.05957,5835.280273,8538.511719,5912.644531
860,8602.112305,5836.249023,8538.511719,5912.167969
862,8596.086914,5841.821289,8538.274414,5912.011719
864,8596.086914,5834.236328,8538.274414,5911.760254
866,8591.832031,5835.913574,8538.146484,5911.720703
868,8602.75,5834.811523,8538.144531,5911.697266
870,8602.75,5831.895996,8537.949219,5911.395996
872,8604.023438,5832.667969,8537.949219,5911.074219
874,8612.984375,5834.632813,8537.870117,5911.027344
876,8612.654297,5834.71582,8537.647461,5911.021973
878,8605.328125,5834.837891,8537.473633,5910.974609
880,8606.378906,5837.548828,8537.473633,5910.828125
882,8598.286133,5842.732422,8537.397461,5910.606445
884,8603.759766,5833.117676,8537.181641,5910.46875
886,8603.759766,5829.994141,8537.181641,5910.404297
888,8585.884766,5833.723633,8537.125977,5910.319336
890,8585.884766,5824.534668,8536.949219,5910.191406
892,8536.949219,5825.892578,8536.949219,5910.102539
894,8536.949219,5822.599609,8536.742188,5910.085938
896,8530.416992,5829.720703,8536.742188,5910.083008
898,8530.612305,5818.701172,8536.539063,5909.912109
900,8530.612305,5821.165039,8536.539063,5909.787109
902,8518.482422,5837.560059,8536.323242,5909.78418
904,8534.573242,5840.913086,8536.323242,5909.736328
906,8534.742188,5837.01416,8536.060547,5909.350098
908,8533.435547,5840.513672,8535.671875,5909.199707
910,8525.849609,5833.863281,8535.445313,5909.036133
912,8525.849609,5825.742676,8535.445313,5908.90625
914,8524.966797,5819.715332,8535.317383,5908.728516
916,8512.363281,5827.114258,8535.317383,5908.705078
918,8493.901367,5823.176758,8534.819336,5908.52832
920,8503.686523,5822.439453,8534.742188,5908.462402
922,8503.686523,5820.746094,8534.609375,5908.303223
924,8511.009766,5820.927734,8534.573242,5908.117676
926,8495.839844,5830.648438,8534.478516,5908.007813
928,8485.923828,5855.370117,8534.478516,5907.875
930,8505.407227,5870.512695,8534.012695,5907.741699
932,8511.833984,5878.204102,8533.558594,5907.711914
934,8517.424805,5887.480469,8533.435547,5907.689453
936,8517.424805,5893.491699,8533.299805,5907.49707
938,8521.96582,5913.280273,8533.299805,5907.468262
940,8534.012695,5918.795898,8533.253906,5907.38623
942,8518.702148,5914.648438,8533.253906,5907.352539
944,8522.595703,5908.303223,8533.15625,5906.744141
946,8525.145508,5916.491211,8533.017578,5906.279297
948,8520.043945,5922.338867,8532.835938,5905.568848
950,8520.043945,5920.939941,8532.754883,5905.561523
952,8524.364258,5918.485352,8532.754883,5905.540039
954,8525.983398,5922.625977,8532.739258,5905.422852
956,8536.742188,5918.618652,8532.739258,5905.29248
958,8536.742188,5918.411133,8532.470703,5905.233398
960,8537.473633,5919.65332,8532.383789,5905.163086
962,8537.473633,5928.689941,8532.282227,5905.157227
964,8531.354492,5941.449219,8532.148438,5905.080078
966,8536.539063,5910.102539,8532.103516,5904.825195
968,8536.539063,5877.848145,8531.986328,5904.735352
970,8552.032227,5880.489258,8531.936523,5903.880859
972,8542.311523,5877.686035,8531.8125,5903.062012
974,8542.311523,5853.413086,8531.756836,5902.963867
976,8540.668945,5861.237305,8531.583984,5902.683105
978,8540.668945,5888.8125,8531.573242,5902.521973
980,8545.233398,5931.336914,8531.573242,5902.432617
982,8555.490234,5930.963379,8531.557617,5902.273438
984,8555.853516,5938.175781,8531.504883,5902.25293
986,8561.555664,5948.240234,8531.354492,5902.244629
988,8559.716797,5947.326172,8531.314453,5902.088867
990,8560.955078,5960.141602,8530.771484,5901.879395
992,8560.955078,5951.624023,8530.717773,5901.783203
994,8563.425781,5954.365234,8530.612305,5901.677734
996,8563.425781,5951.998047,8530.612305,5901.638672
998,8554.091797,5958.019043,8530.431641,5901.626953
1000,8564.287109,5958.415039,8530.416992,5901.384766
1002,8566.575195,5964.999023,8530.266602,5901.277344
1004,8578.767578,5962.502441,8530.036133,5900.859375
1006,8560.74707,5960.903809,8530.036133,5900.376953
1008,8568.75,5959.586914,8530.021484,5900.259766
1010,8568.75,5955.501465,8529.998047,5900.178711
1012,8562.56543,5958.087891,8529.942383,5899.860352
1014,8568.544922,5962.506836,8529.942383,5899.836914
1016,8567.264648,5964.666504,8529.897461,5899.235352
1018,8570.206055,5949.59082,8529.830078,5899.222656
1020,8570.206055,5951.379883,8529.768555,5899.201172
1022,8579.452148,5964.799805,8529.768555,5899.033203
1024,8579.582031,5973.246094,8529.681641,5898.967773
1026,8569.390625,5975.566895,8529.661133,5898.338379
1028,8569.390625,5965.521484,8529.661133,5897.970703
1030,8568.867188,5962.07373,8529.554688,5897.872559
1032,8573.564453,5961.978516,8529.554688,5897.250488
1034,8580.598633,5970.881836,8529.547852,5897.100586
1036,8580.598633,5973.628906,8529.547852,5896.425293
1038,8573.109375,5978.132813,8529.509766,5896.389648
1040,8573.109375,5978.254883,8529.435547,5896.334961
1042,8564.530273,5979.724609,8529.435547,5895.930176
1044,8564.530273,5973.404297,8529.208984,5895.900391
1046,8543.737305,5969.518555,8528.958008,5895.791504
1048,8567.77832,5965.779297,8528.958008,5895.577637
1050,8571.410156,5964.296875,8528.899414,5895.518066
1052,8571.410156,5967.735352,8528.894531,5894.616211
1054,8568.145508,5957.322266,8528.723633,5893.491699
1056,8569.161133,5952.003906,8528.723633,5893.216797
1058,8578.053711,5937.862793,8528.469727,5891.813477
1060,8579.192383,5925.783203,8528.469727,5891.589844
1062,8569.296875,5921.221191,8528.242188,5891.47168
1064,8569.296875,5910.974609,8528.162109,5891.40332
1066,8578.895508,5916.373047,8528.162109,5891.010254
1068,8568.058594,5913.720703,8528.097656,5890.660156
1070,8574.419922,5913.720703,8527.823242,5888.957031
1072,8581.611328,5915.307129,8527.632813,5888.8125
1074,8582.311523,5908.728516,8527.626953,5887.844727
1076,8582.311523,5905.568848,8527.626953,5887.480469
1078,8587.311523,5914.563477,8527.625,5886.886719
1080,8612.548828,5899.235352,8527.625,5886.850586
1082,8626.901367,5907.352539,8527.322266,5886.041992
1084,8622.000977,5909.350098,8527.044922,5885.597168
1086,8622.000977,5904.735352,8527.044922,5885.130859
1088,8621.797852,5908.705078,8527.036133,5882.335938
1090,8612.267578,5904.825195,8527.036133,5881.476563
1092,8619.166016,5906.279297,8527.019531,5881.338379
1094,8619.166016,5902.963867,8527.019531,5881.158203
1096,8613.633789,5913.65625,8526.97168,5880.930664
1098,8614.454102,5914.74707,8526.742188,5880.489258
1100,8614.454102,5914.088867,8526.386719,5880.050781
1102,8615.428711,5913.381836,8526.317383,5879.371094
1104,8611.425781,5908.90625,8526.317383,5879.095703
1106,8601.496094,5896.389648,8525.983398,5878.813477
1108,8600.8125,5905.561523,8525.849609,5878.654297
1110,8600.8125,5907.38623,8525.849609,5878.360352
1112,8600.262695,5910.191406,8525.697266,5878.290039
1114,8596.736328,5913.555664,8525.626953,5878.204102
1116,8604.890625,5915.724609,8525.626953,5877.964355
1118,8604.890625,5909.912109,8525.466797,5877.848145
1120,8608.15625,5907.468262,8525.145508,5877.686035
1122,8608.15625,5910.404297,8524.966797,5877.338867
1124,8611.304688,5908.462402,8524.930664,5876.834961
1126,8612.78125,5905.163086,8524.600586,5876.833984
1128,8612.78125,5905.233398,8524.600586,5876.384766
1130,8605.609375,5914.457031,8524.457031,5876.384766
1132,8610.253906,5909.787109,8524.385742,5876.12793
1134,8613.125,5911.395996,8524.364258,5875.196289
1136,8611.230469,5901.277344,8524.307617,5874.861328
1138,8611.230469,5908.007813,8523.618164,5874.790527
1140,8607.505859,5909.78418,8523.100586,5874.630859
1142,8600.379883,5899.033203,8522.964844,5874.628906
1144,8603.640625,5907.711914,8522.955078,5874.092773
1146,8603.640625,5907.875,8522.929688,5873.9375
1148,8607.792969,5905.157227,8522.929688,5873.570801
1150,8607.292969,5910.606445,8522.595703,5873.541504
1152,8607.292969,5914.839355,8522.539063,5873.431641
1154,8601.408203,5914.142578,8522.327148,5873.210938
1156,8603.320313,5913.99707,8522.327148,5873.109375
1158,8603.320313,5910.828125,8521.96582,5873.079102
1160,8597.044922,5912.011719,8521.960938,5872.984375
1162,8596.433594,5920.470703,8521.358398,5872.852051
1164,8596.433594,5917.419922,8521.28125,5872.699219
1166,8596.040039,5914.704102,8520.905273,5872.673828
1168,8596.040039,5909.199707,8520.905273,5872.666992
1170,8594.386719,5915.775391,8520.876953,5872.610352
1172,8594.386719,5917.687988,8520.876953,5872.526367
1174,8595.277344,5905.29248,8520.693359,5871.842773
1176,8592.573242,5911.760254,8520.693359,5871.696289
1178,8581.166016,5917.080566,8520.623047,5871.65332
1180,8581.166016,5917.080566,8520.152344,5871.555664
1182,8560.514648,5907.741699,8520.06543,5871.479492
1184,8560.514648,5900.178711,8520.043945,5871.303711
1186,8556.25,5908.117676,8520.043945,5870.512695
1188,8551.796875,5911.021973,8519.922852,5870.505859
1190,8547.444336,5886.850586,8519.658203,5870.322266
1192,8547.444336,5874.861328,8519.530273,5870.283691
1194,8554.90625,5864.053711,8519.530273,5870.253906
1196,8554.90625,5862.118164,8519.472656,5870.100098
1198,8538.894531,5828.861328,8519.283203,5870.081055
1200,8542.897461,5812.662109,8518.702148,5870.033691
1202,8542.897461,5807.26416,8518.658203,5869.990234
1204,8531.756836,5798.591797,8518.570313,5869.902344
1206,8541.011719,5802.738281,8518.52832,5869.693359
1208,8541.011719,5815.470215,8518.482422,5869.689453
1210,8531.936523,5810.958008,8518.270508,5869.586914
1212,8531.573242,5819.12793,8518.264648,5869.389648
1214,8531.573242,5828.075195,8518.264648,5869.128906
1216,8552.826172,5850.479492,8518.086914,5868.90625
1218,8541.044922,5857.696289,8518.073242,5868.849609
1220,8541.044922,5901.677734,8517.94043,5868.646973
1222,8537.949219,5902.521973,8517.813477,5868.641602
1224,8537.949219,5905.422852,8517.708984,5868.451172
1226,8531.986328,5910.46875,8517.675781,5868.395508
1228,8532.739258,5913.345215,8517.519531,5868.220703
1230,8532.739258,5902.683105,8517.5,5868.186523
1232,8527.823242,5913.543945,8517.5,5868.015625
1234,8534.478516,5909.736328,8517.445313,5867.785156
1236,8534.478516,5914.914063,8517.424805,5867.646484
1238,8540.167969,5913.792969,8517.424805,5867.392578
1240,8549.796875,5916.678711,8517.30957,5867.327148
1242,8535.445313,5912.167969,8517.193359,5867.063477
1244,8535.445313,5911.697266,8517.193359,5867.038574
1246,8547.022461,5905.540039,8516.833008,5866.887695
1248,8547.022461,5898.967773,8516.532227,5866.854004
1250,8543.164063,5901.879395,8516.532227,5866.560059
1252,8533.558594,5899.222656,8516.320313,5866.231445
1254,8521.960938,5902.244629,8516.320313,5866.171875
1256,8527.036133,5914.293945,8516.279297,5866.12793
1258,8527.036133,5903.880859,8516.279297,5866.120117
1260,8530.717773,5895.791504,8516.051758,5865.852539
1262,8520.623047,5885.130859,8515.949219,5865.83252
1264,8510.493164,5901.638672,8515.946289,5865.781738
1266,8509.124023,5897.250488,8515.946289,5865.021484
1268,8504.984375,5896.334961,8515.517578,5864.22998
1270,8529.830078,5894.616211,8515.517578,5864.053711
1272,8529.435547,5922.3125,8515.337891,5864.053711
1274,8529.435547,5896.425293,8515.337891,5863.882813
1276,8524.307617,5900.859375,8515.320313,5863.830078
1278,8528.097656,5899.860352,8515.320313,5863.523926
1280,8520.876953,5891.40332,8514.987305,5863.27002
1282,8520.876953,5876.833984,8514.668945,5863.125488
1284,8518.52832,5870.100098,8514.538086,5863.079102
1286,8499.277344,5878.813477,8514.241211,5863.046875
1288,8499.277344,5879.095703,8514.150391,5862.706543
1290,8486.261719,5881.158203,8514.150391,5862.679688
1292,8468.764648,5885.597168,8513.396484,5862.540039
1294,8447.930664,5881.476563,8512.859375,5862.469238
1296,8441.291992,5876.12793,8512.859375,5862.240723
1298,8401.192383,5882.335938,8512.492188,5862.118164
1300,8394.495117,5878.290039,8512.435547,5861.977051
1302,8394.495117,5873.9375,8512.435547,5861.81543
1304,8394.019531,5867.392578,8512.435547,5861.80957
1306,8394.802734,5891.47168,8512.363281,5861.237305
1308,8391.805664,5888.957031,8511.833984,5861.231934
1310,8389.578125,5877.964355,8511.750977,5861.162109
1312,8386.892578,5876.384766,8511.558594,5861.046875
1314,8398.345703,5880.050781,8511.558594,5860.889648
1316,8398.345703,5874.790527,8511.349609,5860.70166
1318,8393.493164,5872.984375,8511.009766,5860.59668
1320,8403.376953,5867.785156,8510.948242,5860.197266
1322,8403.376953,5863.882813,8510.948242,5860.049805
1324,8418.554688,5863.125488,8510.639648,5859.448242
1326,8418.182617,5859.448242,8510.521484,5859.301758
1328,8410.544922,5863.079102,8510.493164,5858.972656
1330,8410.544922,5864.053711,8510.242188,5858.583008
1332,8417.431641,5862.469238,8509.90918,5858.557617
1334,8407.15625,5868.849609,8509.802734,5857.696289
1336,8409.998047,5868.395508,8509.802734,5857.062988
1338,8405.889648,5868.646973,8509.532227,5855.625
1340,8421.667969,5868.451172,8509.532227,5855.370117
1342,8414.805664,5866.231445,8509.40918,5853.413086
1344,8409.164063,5869.689453,8509.137695,5850.479492
1346,8409.164063,5867.038574,8509.137695,5848.160156
1348,8405.369141,5873.431641,8509.124023,5846.451172
1350,8403.021484,5868.90625,8508.65625,5842.732422
1352,8390.197266,5869.693359,8508.240234,5841.821289
1354,8390.197266,5871.303711,8507.742188,5841.325684
1356,8407.692383,5870.081055,8507.540039,5840.913086
1358,8407.692383,5871.842773,8507.401367,5840.513672
1360,8407.836914,5873.570801,8507.401367,5837.560059
1362,8377.797852,5871.65332,8506.358398,5837.548828
1364,8385.866211,5868.015625,8506.240234,5837.01416
1366,8391.811523,5866.120117,8506.200195,5836.249023
1368,8385.902344,5872.673828,8506.200195,5835.913574
1370,8380.62207,5866.171875,8505.44043,5835.280273
1372,8380.62207,5861.80957,8505.44043,5834.837891
1374,8371.681641,5867.327148,8505.407227,5834.811523
1376,8380.543945,5868.186523,8505.224609,5834.71582
1378,8389.145508,5862.679688,8505.116211,5834.632813
1380,8389.145508,5867.063477,8504.984375,5834.236328
1382,8389.145508,5881.338379,8503.686523,5833.863281
1384,8421.791016,5891.010254,8503.686523,5833.723633
1386,8442.361328,5890.660156,8503.408203,5833.117676
1388,8442.361328,5876.384766,8503.408203,5832.667969
1390,8457.875977,5867.646484,8503.397461,5831.895996
1392,8466.714844,5870.322266,8503.397461,5830.648438
1394,8466.714844,5869.902344,8502.176758,5829.994141
1396,8475.834961,5877.338867,8502.176758,5829.720703
1398,8478.823242,5886.041992,8501.902344,5828.861328
1400,8484.107422,5886.886719,8501.902344,5828.075195
1402,8482.59375,5872.610352,8501.637695,5827.114258
1404,8480.887695,5868.220703,8501.069336,5825.892578
1406,8480.887695,5875.196289,8501.069336,5825.742676
1408,8472.426758,5866.854004,8500.388672,5824.534668
1410,8481.96875,5871.555664,8499.988281,5823.176758
1412,8485.015625,5869.128906,8499.329102,5823.057617
1414,8483.933594,5866.560059,8499.329102,5822.599609
1416,8483.933594,5865.781738,8499.277344,5822.439453
1418,8492.193359,5857.062988,8499.277344,5821.165039
1420,8505.116211,5865.021484,8498.742188,5820.927734
1422,8509.40918,5860.197266,8498.146484,5820.746094
1424,8509.802734,5861.977051,8497.814453,5820.71875
1426,8509.802734,5861.046875,8497.814453,5819.715332
1428,8521.358398,5858.583008,8497.411133,5819.12793
1430,8546.461914,5858.972656,8497.157227,5818.726563
1432,8548.103516,5861.162109,8496.969727,5818.701172
1434,8548.103516,5862.706543,8496.969727,5817.15625
1436,8539.693359,5863.830078,8496.701172,5815.570313
1438,8540.111328,5861.231934,8496.456055,5815.470215
1440,8547.953125,5855.625,8496.456055,5814.849121
1442,8547.953125,5841.325684,8495.839844,5814.40625
1444,8540.714844,5803.070801,8495.78418,5814.344727
1446,8531.8125,5798.567383,8495.72168,5813.744141
1448,8538.891602,5790.952637,8495.72168,5813.507813
1450,8524.930664,5800.234863,8495.390625,5813.416992
1452,8533.253906,5795.604492,8495.330078,5812.662109
1454,8533.253906,5790.292969,8495.330078,5812.645508
1456,8537.647461,5784.29834,8494.822266,5812.18457
1458,8539.746094,5777.432617,8494.822266,5812.12207
1460,8551.082031,5804.499023,8494.78418,5811.510742
1462,8544.886719,5817.15625,8494.78418,5811.460938
1464,8544.886719,5808.561523,8494.681641,5811.254395
1466,8538.511719,5809.53125,8494.175781,5810.958008
1468,8538.511719,5795.617188,8494.088867,5810.679688
1470,8525.697266,5795.217773,8494.088867,5810.245117
1472,8528.958008,5792.458008,8493.901367,5809.53125
1474,8528.958008,5786.898438,8493.822266,5809.530273
1476,8532.470703,5791.103027,8493.779297,5809.386719
1478,8541.916992,5788.611328,8493.779297,5808.994141
1480,8537.397461,5793.277344,8493.634766,5808.967773
1482,8547.379883,5774.940918,8493.368164,5808.959961
1484,8547.379883,5771.270508,8493.368164,5808.908203
1486,8544.200195,5769.270508,8493.276367,5808.905762
1488,8519.658203,5768.265137,8493.276367,5808.875977
1490,8520.693359,5773.306152,8492.889648,5808.561523
1492,8520.693359,5772.641602,8492.696289,5808.088867
1494,8508.240234,5774.687012,8492.65918,5807.960938
1496,8511.750977,5786.657715,8492.193359,5807.958008
1498,8511.349609,5783.663086,8491.696289,5807.883789
1500,8511.558594,5773.856934,8491.572266,5807.486328
1502,8511.558594,5784.237305,8490.915039,5807.293457
1504,8522.539063,5780.843262,8490.477539,5807.26416
1506,8546.080078,5784.438477,8490.453125,5807.103027
1508,8551.555664,5782.312988,8490.453125,5806.955078
1510,8551.555664,5779.529297,8490.274414,5806.941406
1512,8559.292969,5779.529297,8489.443359,5806.889648
1514,8559.292969,5779.293945,8489.036133,5806.5625
1516,8532.103516,5781.62207,8488.803711,5806.530273
1518,8530.771484,5783.14209,8488.625,5806.503418
1520,8527.019531,5787.390625,8488.21582,5806.261719
1522,8527.019531,5785.925293,8488.21582,5806.117676
1524,8508.65625,5790.130859,8487.801758,5805.871582
1526,8517.675781,5784.5,8487.78418,5805.866211
1528,8520.06543,5783.347656,8487.505859,5805.827637
1530,8520.152344,5782.956055,8487.505859,5805.727539
1532,8509.532227,5777.526367,8487.404297,5805.442383
1534,8509.532227,5784.146484,8487.344727,5805.441895
1536,8519.530273,5791.569336,8486.763672,5805.379883
1538,8519.530273,5788.195313,8486.359375,5805.294922
1540,8522.929688,5784.851563,8486.359375,5805.211914
1542,8522.929688,5781.483398,8486.28418,5804.753906
1544,8514.538086,5769.193359,8486.261719,5804.753906
1546,8510.242188,5776.399414,8485.980469,5804.703125
1548,8518.264648,5769.320313,8485.980469,5804.667969
1550,8518.264648,5768.293457,8485.923828,5804.510254
1552,8509.90918,5766.384766,8485.086914,5804.499023
1554,8510.521484,5770.899902,8485.015625,5803.65918
1556,8493.634766,5779.72168,8484.962891,5803.640137
1558,8496.456055,5783.97168,8484.519531,5803.543945
1560,8496.456055,5774.102539,8484.107422,5803.401367
1562,8490.274414,5776.115234,8484.035156,5803.27002
1564,8493.368164,5777.426758,8483.933594,5803.234375
1566,8493.368164,5781.643555,8483.933594,5803.076172
1568,8493.822266,5769.270508,8483.922852,5803.070801
1570,8495.72168,5766.797852,8483.821289,5802.94043
1572,8495.72168,5767.796875,8483.376953,5802.822266
1574,8492.65918,5778.214844,8482.59375,5802.738281
1576,8490.477539,5771.169922,8481.96875,5802.577148
1578,8494.822266,5772.030273,8481.166016,5801.863281
1580,8494.822266,5768.378418,8480.887695,5801.787109
1582,8487.404297,5771.328125,8480.887695,5801.53125
1584,8488.625,5756.131348,8480.158203,5801.431641
1586,8485.980469,5761.333496,8480.158203,5801.309082
1588,8485.980469,5759.206055,8480.110352,5800.899902
1590,8488.803711,5757.539063,8479.607422,5800.832031
1592,8518.658203,5758.475586,8479.364258,5800.481445
1594,8507.401367,5762.499512,8479.076172,5800.422363
1596,8507.401367,5774.566406,8478.996094,5800.354492
1598,8494.681641,5770.907227,8478.890625,5800.292969
1600,8499.329102,5761.355469,8478.823242,5800.234863
1602,8499.329102,5761.72998,8478.337891,5799.785156
1604,8484.962891,5766.799805,8478.0625,5799.625
1606,8487.801758,5768.497559,8478.007813,5799.459473
1608,8501.902344,5769.335938,8477.795898,5799.443359
1610,8501.902344,5766.810547,8476.516602,5799.405762
1612,8501.637695,5766.239258,8475.834961,5799.281738
1614,8498.742188,5755.630371,8473.460938,5798.833008
1616,8494.175781,5761.295898,8473.460938,5798.608887
1618,8495.390625,5763.708008,8473.303711,5798.591797
1620,8488.21582,5760.242676,8472.426758,5798.567383
1622,8488.21582,5755.947266,8471.037109,5798.455566
1624,8484.519531,5759.304199,8471.037109,5798.421875
1626,8495.330078,5756.782227,8470.587891,5798.116699
1628,8495.330078,5755.004395,8470.525391,5797.749512
1630,8490.915039,5759.584473,8470.525391,5797.579102
1632,8501.069336,5760.038086,8469.738281,5797.530273
1634,8501.069336,5745.202148,8468.764648,5797.485352
1636,8514.987305,5744.904297,8468.306641,5797.367188
1638,8516.532227,5744.319824,8468.306641,5797.232422
1640,8516.532227,5742.651367,8467.279297,5797.219727
1642,8519.283203,5762.257813,8467.279297,5797.21875
1644,8522.955078,5771.680176,8466.714844,5797.116699
1646,8515.949219,5762.71582,8466.714844,5797.078125
1648,8512.492188,5771.516602,8465.089844,5796.99707
1650,8503.408203,5787.135742,8465.089844,5796.96875
1652,8503.408203,5779.820801,8465.027344,5796.887695
1654,8456.797852,5770.919434,8464.460938,5796.838867
1656,8444.208984,5770.257324,8463.601563,5796.784668
1658,8430.564453,5765.957031,8463.601563,5796.584961
1660,8430.564453,5765.085938,8461.873047,5796.563477
1662,8423.354492,5763.987305,8461.62793,5796.074219
1664,8439.672852,5753.255859,8461.62793,5795.916992
1666,8448.578125,5748.576172,8461.492188,5795.841797
1668,8467.279297,5754.008789,8461.079102,5795.834473
1670,8467.279297,5751.805664,8459.129883,5795.650391
1672,8516.279297,5740.327148,8457.90332,5795.617188
1674,8516.279297,5732.141113,8457.875977,5795.604492
1676,8523.618164,5696.427734,8456.797852,5795.508789
1678,8524.457031,5700.848633,8455.158203,5795.501953
1680,8530.021484,5710.37793,8455.158203,5795.442383
1682,8537.870117,5690.026367,8450.438477,5795.422363
1684,8547.454102,5666.456055,8450.438477,5795.217773
1686,8546.098633,5668.90918,8450.389648,5794.679688
1688,8550.293945,5664.810547,8450.389648,5794.066406
1690,8541.360352,5679.211914,8449.183594,5794.026367
1692,8541.360352,5664.761719,8449.183594,5793.679688
1694,8554.183594,5674.448242,8448.578125,5793.569824
1696,8552.076172,5673.010254,8447.930664,5793.486328
1698,8550.648438,5675.192871,8447.791992,5793.277344
1700,8550.648438,5679.717285,8447.240234,5793.05957
1702,8550.826172,5683.081055,8444.208984,5792.742188
1704,8550.826172,5680.266113,8442.361328,5792.709961
1706,8543.423828,5668.063477,8442.361328,5792.694336
1708,8531.557617,5676.074707,8442.195313,5792.458008
1710,8527.044922,5664.697266,8441.291992,5792.251465
1712,8527.044922,5661.282227,8441.106445,5791.776367
1714,8519.472656,5657,8440.851563,5791.729492
1716,8520.905273,5670.748047,8440.34375,5791.569336
1718,8520.905273,5666.550293,8439.672852,5791.193359
1720,8518.270508,5670.155273,8438.601563,5791.103027
1722,8528.469727,5670.686035,8437.041016,5791.037109
1724,8528.469727,5669.993164,8437.041016,5790.952637
1726,8531.314453,5673.694336,8436.259766,5790.292969
1728,8527.632813,5674.541992,8430.564453,5790.290039
1730,8528.242188,5673.480957,8430.564453,5790.130859
1732,8529.547852,5675.34082,8428,5790.081055
1734,8529.547852,5669.231445,8428,5789.912109
1736,8526.742188,5671.010254,8427.435547,5789.817871
1738,8517.193359,5664.701172,8424.918945,5789.694336
1740,8517.193359,5664.432617,8423.354492,5789.060547
1742,8516.051758,5660.59375,8422.955078,5789.016602
1744,8515.337891,5663.40918,8422.433594,5788.913086
1746,8515.337891,5661.323242,8422.433594,5788.714844
1748,8517.445313,5663.752441,8421.791016,5788.647461
1750,8505.224609,5664.987305,8421.667969,5788.627441
1752,8525.626953,5664.738281,8418.554688,5788.627441
1754,8525.626953,5662.259766,8418.182617,5788.611328
1756,8519.922852,5660.964844,8417.431641,5788.446289
1758,8524.385742,5660.647461,8414.825195,5788.195313
1760,8530.036133,5662.025879,8414.825195,5788.013184
1762,8530.036133,5662.168945,8414.805664,5787.921875
1764,8518.570313,5664.569336,8414.766602,5787.789063
1766,8517.5,5671.181641,8412.667969,5787.77832
1768,8517.5,5656.051758,8412.667969,5787.556641
1770,8512.435547,5661.694824,8411.763672,5787.390625
1772,8512.435547,5661.181641,8410.544922,5787.135742
1774,8512.435547,5652.10498,8410.544922,5786.898438
1776,8506.358398,5653.293945,8409.998047,5786.657715
1778,8514.150391,5656.77832,8409.164063,5785.976563
1780,8514.150391,5665.297852,8409.164063,5785.925293
1782,8517.519531,5668.25293,8408.15332,5785.581543
1784,8517.94043,5663.481445,8408.15332,5784.851563
1786,8506.240234,5663.569824,8407.836914,5784.832031
1788,8509.137695,5661.339844,8407.692383,5784.5
1790,8509.137695,5665.10498,8407.692383,5784.438477
1792,8510.639648,5666.387695,8407.15625,5784.300781
1794,8495.78418,5665.665039,8405.889648,5784.29834
1796,8471.037109,5660.608398,8405.84668,5784.273438
1798,8471.037109,5677.352539,8405.84668,5784.237305
1800,8461.62793,5672.18457,8405.708008,5784.205078
1802,8461.62793,5656.17627,8405.644531,5784.146484
1804,8447.791992,5657.242188,8405.644531,5783.97168
1806,8440.851563,5661.509277,8405.369141,5783.663086
1808,8422.433594,5655.419922,8404.998047,5783.38623
1810,8422.433594,5667.393066,8404.998047,5783.358398
1812,8424.918945,5669.576172,8403.994141,5783.347656
1814,8411.763672,5662.620117,8403.828125,5783.280273
1816,8395.584961,5663.006836,8403.376953,5783.14209
1818,8395.584961,5658.99707,8403.376953,5782.99707
1820,8405.84668,5657.466797,8403.021484,5782.956055
1822,8405.84668,5661.667969,8402.753906,5782.834961
1824,8412.667969,5660.77002,8401.751953,5782.555664
1826,8412.667969,5667.379883,8401.355469,5782.526367
1828,8403.828125,5649.234375,8401.192383,5782.312988
1830,8405.644531,5652.335938,8400.220703,5782.173828
1832,8405.644531,5651.795898,8399.294922,5782.050293
1834,8395.40625,5648.149414,8398.813477,5781.677246
1836,8402.753906,5650.401367,8398.345703,5781.643555
1838,8405.708008,5643.482422,8398.345703,5781.62207
1840,8408.15332,5644.231445,8397.822266,5781.483398
1842,8408.15332,5641.521484,8395.895508,5780.843262
1844,8401.355469,5633.588867,8395.895508,5779.904297
1846,8398.813477,5640.648926,8395.584961,5779.820801
1848,8397.822266,5648.890137,8395.584961,5779.72168
1850,8382.115234,5652.771484,8395.40625,5779.529297
1852,8382.115234,5663.306152,8395.265625,5779.529297
1854,8382.925781,5661.870117,8395.265625,5779.383789
1856,8377.553711,5653.047852,8394.802734,5779.293945
1858,8377.553711,5652.46582,8394.495117,5779.171875
1860,8376.395508,5649.961914,8394.495117,5779.047852
1862,8377.785156,5640.537598,8394.494141,5778.976563
1864,8379.28125,5643.015137,8394.019531,5778.773438
1866,8375.826172,5641.750977,8393.493164,5778.277344
1868,8369.518555,5640.098145,8392.927734,5778.214844
1870,8361.830078,5648.637695,8392.927734,5777.936523
1872,8364.311523,5648.637695,8392.264648,5777.813965
1874,8354.287109,5654.393555,8391.811523,5777.526367
1876,8354.287109,5649.38916,8391.805664,5777.432617
1878,8316.955078,5644.079102,8390.254883,5777.426758
1880,8320.520508,5649.174805,8390.197266,5777.332031
1882,8317.098633,5644.222168,8390.197266,5776.399414
1884,8309.673828,5642.558594,8390.117188,5776.115234
1886,8309.673828,5642.558594,8389.578125,5775.977539
1888,8319.546875,5650.376953,8389.145508,5775.523926
1890,8319.546875,5650.882813,8389.145508,5775.382813
1892,8322.904297,5654.70166,8389.145508,5774.940918
1894,8321.976563,5651.691895,8386.892578,5774.687012
1896,8307.907227,5651.188477,8386.589844,5774.566406
1898,8313.21875,5643.233398,8385.902344,5774.446289
1900,8319.152344,5653.771973,8385.866211,5774.102539
1902,8319.152344,5652.614258,8384.832031,5773.856934
1904,8311.076172,5646.545898,8384.667969,5773.306152
1906,8308.196289,5647.892578,8384.511719,5773.196777
1908,8308.925781,5646.541016,8384.211914,5772.799805
1910,8308.925781,5642.78418,8383.855469,5772.641602
1912,8311.992188,5650.976074,8382.925781,5772.494629
1914,8307.008789,5651.509766,8382.115234,5772.37207
1916,8299.948242,5655.098633,8382.115234,5772.030273
1918,8299.948242,5653.149414,8382.056641,5771.728516
1920,8308.293945,5649.614746,8380.762695,5771.680176
1922,8317.551758,5653.006836,8380.762695,5771.516602
1924,8331.84668,5644.425293,8380.62207,5771.328125
1926,8336.214844,5642.708008,8380.62207,5771.270508
1928,8328.834961,5648.112305,8380.543945,5771.184082
1930,8328.834961,5646.902344,8379.28125,5771.169922
1932,8339.299805,5650.000488,8379.234375,5770.919434
1934,8337.657227,5652.857422,8377.797852,5770.907227
1936,8340.416016,5649.238281,8377.785156,5770.899902
1938,8340.416016,5646.560547,8377.553711,5770.257324
1940,8327.625,5647.608398,8377.553711,5769.628418
1942,8327.625,5646.277344,8376.972656,5769.335938
1944,8326.021484,5645.043457,8376.972656,5769.320313
1946,8339.818359,5653.755371,8376.569336,5769.270508
1948,8347.441406,5647.587891,8376.395508,5769.270508
1950,8347.441406,5641.562012,8376.367188,5769.193359
1952,8336.327148,5650.38916,8376.09375,5768.497559
1954,8340.28418,5647.15332,8375.826172,5768.378418
1956,8342.307617,5648.501953,8375.239258,5768.293457
1958,8376.09375,5648.574219,8375.239258,5768.265137
1960,8395.895508,5647.557617,8372.880859,5767.796875
1962,8395.895508,5651.631836,8372.880859,5766.810547
1964,8401.751953,5654.274414,8372.782227,5766.799805
1966,8404.998047,5654.208008,8372.782227,5766.797852
1968,8404.998047,5664.658203,8372.399414,5766.384766
1970,8422.955078,5665.956543,8372.399414,5766.239258
1972,8428,5677.998047,8371.681641,5765.957031
1974,8428,5700.794922,8369.518555,5765.085938
1976,8414.825195,5710.769531,8368.967773,5763.987305
1978,8414.825195,5718.141602,8365.634766,5763.708008
1980,8436.259766,5724.443359,8365.475586,5762.71582
1982,8440.34375,5728.272949,8364.868164,5762.499512
1984,8438.601563,5724.797363,8364.311523,5762.257813
1986,8442.195313,5725.677734,8363.477539,5761.72998
1988,8441.106445,5727.714844,8362.765625,5761.355469
1990,8437.041016,5729.375488,8362.713867,5761.333496
1992,8437.041016,5724.539551,8362.421875,5761.295898
1994,8427.435547,5730.040039,8362.421875,5760.242676
1996,8414.766602,5734.612793,8362.177734,5760.038086
1998,8394.494141,5738.180664,8362.177734,5759.584473
2000,8395.265625,5749.460449,8361.830078,5759.304199
2002,8395.265625,5736.237305,8360.856445,5759.206055
2004,8392.927734,5734.602539,8360.856445,5758.475586
2006,8392.927734,5726.501953,8358.816406,5757.539063
2008,8390.117188,5722.665039,8358.135742,5756.782227
2010,8403.994141,5728.01416,8358.135742,5756.131348
2012,8384.511719,5729.458008,8357.355469,5755.947266
2014,8390.254883,5723.114258,8357.355469,5755.630371
2016,8376.569336,5723.80127,8356.211914,5755.004395
2018,8372.880859,5721.124023,8355.28125,5754.956055
2020,8372.880859,5724.539551,8354.438477,5754.008789
2022,8365.634766,5717.960938,8354.287109,5753.255859
2024,8360.856445,5716.045898,8354.287109,5752.104004
2026,8360.856445,5715.00293,8354.27832,5751.805664
2028,8372.782227,5712.153809,8353.904297,5750.73877
2030,8372.782227,5719.272461,8351.866211,5749.460449
2032,8354.27832,5734.737305,8350.447266,5748.576172
2034,8362.765625,5721.942871,8349.34375,5745.202148
2036,8348.12207,5719.855469,8348.680664,5744.904297
2038,8345.650391,5724.394043,8348.12207,5744.319824
2040,8345.650391,5724.394043,8347.441406,5742.651367
2042,8353.904297,5723.525391,8347.441406,5740.327148
2044,8351.866211,5724.487793,8346.375977,5740.148926
2046,8354.438477,5714.635742,8346.105469,5739.305176
2048,8357.355469,5709.273926,8346.042969,5738.180664
2050,8357.355469,5708.692383,8345.650391,5737.557129
2052,8365.475586,5703.263184,8345.650391,5736.237305
2054,8358.816406,5707.712402,8343.070313,5734.737305
2056,8384.211914,5702.783203,8343.070313,5734.612793
2058,8384.667969,5704.244141,8342.307617,5734.602539
2060,8376.972656,5705.655273,8341.823242,5734.432129
2062,8376.972656,5704.383789,8341.623047,5733.992188
2064,8368.967773,5706.483398,8341.623047,5732.964844
2066,8362.713867,5706.704102,8340.416016,5732.871582
2068,8355.28125,5716.480469,8340.416016,5732.141113
2070,8363.477539,5723.412109,8340.28418,5731.033203
2072,8362.177734,5725.425781,8339.818359,5730.390625
2074,8362.177734,5728.8125,8339.299805,5730.303711
2076,8346.105469,5734.432129,8337.657227,5730.146484
2078,8346.375977,5721.630859,8336.327148,5730.040039
2080,8346.042969,5727.085938,8336.257813,5729.813477
2082,8341.623047,5727.594727,8336.257813,5729.5
2084,8341.623047,5724.005859,8336.214844,5729.458008
2086,8348.680664,5723.469727,8333.200195,5729.375488
2088,8356.211914,5721.409668,8331.84668,5729.011719
2090,8333.200195,5728.364258,8329.837891,5728.921875
2092,8336.257813,5726.486328,8328.834961,5728.8125
2094,8336.257813,5728.921875,8328.834961,5728.630859
2096,8343.070313,5725.523926,8327.625,5728.530273
2098,8343.070313,5727.211914,8327.625,5728.364258
2100,8358.135742,5727.364258,8326.021484,5728.272949
2102,8358.135742,5728.530273,8322.904297,5728.18457
2104,8349.34375,5724.533691,8321.976563,5728.104492
2106,8364.868164,5730.390625,8320.520508,5728.01416
2108,8376.367188,5720.19873,8319.546875,5727.714844
2110,8372.399414,5719.356445,8319.546875,5727.594727
2112,8372.399414,5709.744141,8319.152344,5727.517578
2114,8379.234375,5719.319336,8319.152344,5727.364258
2116,8380.762695,5716.785156,8317.551758,5727.303223
2118,8380.762695,5702.795898,8317.098633,5727.211914
2120,8383.855469,5702.865234,8316.955078,5727.085938
2122,8382.056641,5698.713379,8316.548828,5726.501953
2124,8392.264648,5697.645508,8316.548828,5726.486328
2126,8400.220703,5702.6875,8313.21875,5726.432617
2128,8399.294922,5714.686035,8311.992188,5726.326172
2130,8375.239258,5707.081055,8311.62207,5726.179688
2132,8375.239258,5718.111328,8311.62207,5725.677734
2134,8386.589844,5714.999023,8311.076172,5725.523926
2136,8384.832031,5717.614746,8309.673828,5725.425781
2138,8362.421875,5712.952637,8309.673828,5725.078613
2140,8362.421875,5711.523926,8308.925781,5724.847656
2142,8350.447266,5718.983887,8308.925781,5724.797363
2144,8341.823242,5724.283691,8308.293945,5724.700684
2146,8329.837891,5728.104492,8308.196289,5724.69043
2148,8316.548828,5724.399414,8307.907227,5724.660156
2150,8316.548828,5732.964844,8307.008789,5724.539551
2152,8311.62207,5726.179688,8303.993164,5724.539551
2154,8311.62207,5717.696289,8303.993164,5724.533691
2156,8303.993164,5719.678223,8301.18457,5724.487793
2158,8303.993164,5724.3125,8299.948242,5724.443359
2160,8301.18457,5727.303223,8299.948242,5724.399414
2162,8298.446289,5750.73877,8298.446289,5724.394043
2164,8298.289063,5752.104004,8298.289063,5724.394043
2166,8296.678711,5754.956055,8296.678711,5724.3125
2168,8293.817383,5783.358398,8295.632813,5724.283691
2170,8295.632813,5790.081055,8293.817383,5724.267578
2172,8292.757813,5788.013184,8292.757813,5724.259766
2174,8292.757813,5779.904297,8292.757813,5724.237793
2176,8279.316406,5782.555664,8285.712891,5724.027832
2178,8279.316406,5772.494629,8279.316406,5724.005859
2180,8285.712891,5783.280273,8279.316406,5723.882324
2182,8276.194336,5784.205078,8276.194336,5723.80127
2184,8263.760742,5777.332031,8271.894531,5723.525391
2186,8263.760742,5774.446289,8265.583984,5723.469727
2188,8271.894531,5777.936523,8264.707031,5723.412109
2190,8264.707031,5779.171875,8264.707031,5723.402832
2192,8264.707031,5782.173828,8263.760742,5723.227539
2194,8260.836914,5777.813965,8263.760742,5723.114258
2196,8265.583984,5783.38623,8260.836914,5723.000977
2198,8149.460938,5787.556641,8212.401367,5722.899902
2200,8151.935547,5793.05957,8209.648438,5722.881836
2202,8151.935547,5788.714844,8209.648438,5722.665039
2204,8148.216309,5787.921875,8208.950195,5722.57373
2206,8145.428711,5787.789063,8208.698242,5722.537109
2208,8147.973145,5782.526367,8208.37793,5721.981445
2210,8158.038086,5788.647461,8204.847656,5721.942871
2212,8150.38916,5775.382813,8204.847656,5721.844727
2214,8150.38916,5784.273438,8204.208008,5721.630859
2216,8157.090332,5782.050293,8203.357422,5721.409668
2218,8148.970215,5778.773438,8203.357422,5721.268555
2220,8148.970215,5781.677246,8193.800781,5721.124023
2222,8139.168945,5772.37207,8193.147461,5721.088867
2224,8138.287109,5771.184082,8192.896484,5721.076172
2226,8138.621582,5771.728516,8191.438965,5720.993164
2228,8139.686523,5779.047852,8191.438965,5720.993164
2230,8147.752441,5769.628418,8189.824219,5720.979492
2232,8145.324219,5778.277344,8189.824219,5720.968262
2234,8147.015137,5773.196777,8187.634277,5720.959961
2236,8146.467285,5775.523926,8187.407715,5720.882813
2238,8146.467285,5784.300781,8187.407715,5720.84668
2240,8137.970703,5789.060547,8184.312988,5720.806152
2242,8134.704102,5778.976563,8184.312988,5720.72168
2244,8129.594727,5772.799805,8181.155273,5720.38916
2246,8129.594727,5785.581543,8181.155273,5720.380371
2248,8070.862793,5791.193359,8180.368164,5720.19873
2250,8066.532715,5790.290039,8180.368164,5720.172363
2252,8072.689453,5788.446289,8176.607422,5719.858398
2254,8072.689453,5792.694336,8176.607422,5719.855469
2256,8061.90332,5795.841797,8176.045898,5719.678223
2258,8065.335449,5796.584961,8175.043457,5719.458496
2260,8064.931152,5794.026367,8174.242676,5719.356445
2262,8068.641602,5805.379883,8167.20459,5719.319336
2264,8078.050781,5808.905762,8165.134277,5719.272461
2266,8078.123047,5814.849121,8162.160156,5719.225098
2268,8073.474609,5806.261719,8158.038086,5719.203125
2270,8073.474609,5806.503418,8157.090332,5718.983887
2272,8083.817383,5807.883789,8151.935547,5718.967285
2274,8071.693848,5807.103027,8151.935547,5718.845703
2276,8075.200195,5798.421875,8150.38916,5718.376953
2278,8075.200195,5792.742188,8150.38916,5718.296387
2280,8081.239258,5788.913086,8149.460938,5718.179688
2282,8079.443848,5805.441895,8148.970215,5718.141602
2284,8078.096191,5807.293457,8148.970215,5718.111328
2286,8074.369629,5801.787109,8148.216309,5717.960938
2288,8091.773926,5799.405762,8147.973145,5717.938477
2290,8091.773926,5806.117676,8147.752441,5717.915039
2292,8063.768555,5806.5625,8147.015137,5717.851563
2294,8063.768555,5807.486328,8146.467285,5717.75
2296,8078.6875,5805.294922,8146.467285,5717.741211
2298,8077.975586,5809.530273,8146.178711,5717.696289
2300,8075.205078,5800.832031,8145.908691,5717.631836
2302,8075.727539,5804.510254,8145.428711,5717.614746
2304,8075.727539,5807.960938,8145.324219,5717.546387
2306,8073.441895,5811.510742,8144.942383,5717.416992
2308,8060.442383,5805.442383,8143.353027,5717.361328
2310,8059.67041,5808.959961,8143.353027,5717.301758
2312,8059.67041,5800.899902,8143.342773,5717.166016
2314,8078.365723,5803.234375,8143.342773,5717.117188
2316,8067.354492,5805.866211,8142.421387,5717.045898
2318,8067.354492,5810.679688,8142.421387,5716.990234
2320,8081.051758,5808.967773,8141.252441,5716.912109
2322,8074.942383,5808.908203,8141.140625,5716.785156
2324,8074.942383,5805.871582,8139.686523,5716.706055
2326,8081.500488,5803.65918,8139.168945,5716.64502
2328,8074.676758,5796.074219,8138.621582,5716.595703
2330,8071.012695,5811.460938,8138.287109,5716.578613
2332,8073.438965,5813.507813,8137.970703,5716.480469
2334,8062.639648,5811.254395,8136.377441,5716.393555
2336,8064.407227,5806.941406,8136.377441,5716.314453
2338,8063.22998,5812.18457,8135.102539,5716.283203
2340,8063.22998,5805.211914,8135.068848,5716.232422
2342,8077.490723,5805.827637,8135.068848,5716.045898
2344,8065.342773,5812.12207,8134.704102,5715.951172
2346,8065.342773,5804.703125,8134.078613,5715.605469
2348,8066.317871,5784.832031,8133.157715,5715.594727
2350,8072.648438,5782.834961,8132.771484,5715.482422
2352,8083.393555,5782.99707,8132.585938,5715.479492
2354,8087.364258,5791.037109,8132.585938,5715.277344
2356,8090.491211,5802.577148,8132.335938,5715.126953
2358,8089.746094,5796.784668,8130.727539,5715.00293
2360,8089.481445,5802.822266,8130.600586,5714.999023
2362,8091.538574,5814.40625,8130.262695,5714.710938
2364,8091.538574,5803.076172,8129.594727,5714.686035
2366,8086.774902,5797.530273,8129.594727,5714.645508
2368,8086.774902,5795.501953,8129.491699,5714.635742
2370,8080.466797,5798.833008,8128.915527,5714.561523
2372,8078.489258,5793.679688,8128.687012,5714.552734
2374,8078.489258,5787.77832,8127.634766,5714.544922
2376,8078.09375,5794.066406,8127.634766,5714.522949
2378,8085.983398,5792.251465,8126.956055,5714.245605
2380,8085.983398,5797.116699,8126.722168,5714.178711
2382,8086.148926,5797.579102,8126.000977,5714.011719
2384,8084.774414,5804.753906,8126.000977,5713.841797
2386,8074.927246,5804.753906,8125.670898,5713.362305
2388,8088.239258,5803.640137,8124.679688,5713.342773
2390,8085.142578,5802.94043,8124.679688,5713.244629
2392,8085.025391,5806.955078,8124.088867,5712.952637
2394,8074.969727,5808.875977,8123.965332,5712.939453
2396,8077.855469,5815.570313,8123.965332,5712.888672
2398,8085.908203,5814.344727,8123.749023,5712.800781
2400,8085.908203,5818.726563,8123.52832,5712.800293
2402,8072.53418,5813.744141,8123.52832,5712.59668
2404,8077.871582,5812.645508,8123.458008,5712.546875
2406,8077.871582,5813.416992,8123.458008,5712.546387
2408,8060.01709,5808.088867,8123.397949,5712.393555
2410,8060.01709,5803.27002,8123.397949,5712.286133
2412,8061.73877,5810.245117,8123.011719,5712.153809
2414,8064.698242,5807.958008,8122.428711,5712.030273
2416,8062.124023,5801.309082,8122.227051,5711.953613
2418,8065.330078,5797.749512,8122.227051,5711.947266
2420,8065.330078,5795.422363,8121.739258,5711.796875
2422,8077.328613,5792.709961,8121.668945,5711.786133
2424,8079.996582,5795.650391,8121.348145,5711.716797
2426,8079.996582,5795.442383,8120.952637,5711.625488
2428,8085.448242,5801.53125,8120.37207,5711.523926
2430,8090.077637,5797.232422,8120.358398,5711.461914
2432,8088.951172,5796.887695,8120.163086,5711.305664
2434,8088.951172,5800.422363,8119.795898,5711.212891
2436,8089.141602,5798.455566,8119.795898,5711.03418
2438,8085.118652,5797.485352,8119.676758,5710.942383
2440,8071.98291,5796.99707,8119.676758,5710.769531
2442,8078.538086,5795.508789,8119.614258,5710.437988
2444,8082.044922,5799.281738,8119.614258,5710.37793
2446,8074.006836,5789.912109,8118.933105,5709.871094
2448,8074.006836,5797.21875,8118.717773,5709.807129
2450,8082.194336,5799.785156,8118.717773,5709.744141
2452,8077.32959,5804.667969,8118.634766,5709.679688
2454,8082.498535,5806.889648,8118.604492,5709.640625
2456,8075.763672,5805.727539,8117.912109,5709.544434
2458,8077.626953,5795.916992,8117.912109,5709.441406
2460,8077.626953,5800.354492,8117.30957,5709.273926
2462,8077.626953,5796.96875,8116.883789,5709.259766
2464,8083.986816,5796.563477,8116.73877,5708.895508
2466,8083.986816,5800.292969,8116.73877,5708.895508
2468,8080.483398,5799.443359,8115.944336,5708.882813
2470,8085.416504,5801.431641,8115.944336,5708.692383
2472,8074.927246,5791.729492,8115.664551,5708.394043
2474,8074.927246,5788.627441,8114.976563,5708.158203
2476,8075.471191,5788.627441,8114.976563,5707.937988
2478,8080.147949,5798.116699,8114.39502,5707.731934
2480,8078.437988,5803.543945,8114.39502,5707.712402
2482,8071.960938,5808.994141,8114.314453,5707.689941
2484,8071.960938,5809.386719,8114.314453,5707.603516
2486,8065.395508,5806.530273,8113.181641,5707.544922
2488,8065.395508,5794.679688,8113.181641,5707.447266
2490,8063.114258,5789.016602,8113.060059,5707.431152
2492,8063.114258,5789.694336,8113.060059,5707.357422
2494,8062.965332,5793.569824,8112.938477,5707.348145
2496,8067.332031,5791.776367,8112.822266,5707.321289
2498,8067.332031,5795.834473,8112.762207,5707.081055
2500,8064.358398,5797.367188,8111.834961,5707.033691
2502,8080.052734,5793.486328,8111.585938,5706.833496
2504,8058.5625,5797.078125,8111.352051,5706.787109
2506,8058.5625,5801.863281,8111.352051,5706.704102
2508,8060.580078,5803.401367,8111.175781,5706.52832
2510,8073.235352,5800.481445,8110.250488,5706.486328
2512,8073.235352,5796.838867,8110.225586,5706.483398
2514,8079.880859,5797.219727,8109.479492,5706.412598
2516,8073.937988,5799.625,8109.305664,5706.21582
2518,8069.354004,5799.459473,8105.204102,5705.914551
2520,8069.354004,5798.608887,8105.204102,5705.770508
2522,8075.922852,5789.817871,8105.178711,5705.734863
2524,8076.314941,5785.976563,8105.057617,5705.655273
2526,8076.314941,5779.383789,8103.757324,5705.390137
2528,8079.186035,5775.977539,8101.604492,5705.264648
2530,8070.092773,5739.305176,8100.732422,5705.217773
2532,8070.092773,5726.432617,8099.747559,5705.106934
2534,8062.284668,5719.858398,8096.704102,5705.045898
2536,8075.880859,5718.845703,8095.043457,5705.036621
2538,8074.134766,5711.716797,8094.602051,5704.842773
2540,8079.394531,5715.594727,8094.183594,5704.676758
2542,8079.394531,5717.301758,8093.838867,5704.451172
2544,8090.83252,5720.959961,8093.228516,5704.383789
2546,8089.46582,5709.441406,8093.228516,5704.244141
2548,8087.085938,5712.59668,8092.498535,5704.233398
2550,8086.507813,5707.731934,8091.975586,5704.171875
2552,8088.388672,5705.036621,8091.773926,5704.035156
2554,8082.049805,5704.842773,8091.773926,5704.027344
2556,8078.418945,5705.264648,8091.538574,5703.954102
2558,8076.344727,5703.765625,8091.538574,5703.930664
2560,8068.608887,5710.437988,8091.226074,5703.882813
2562,8068.608887,5705.734863,8090.83252,5703.776367
2564,8069.102051,5706.486328,8090.730957,5703.765625
2566,8069.385742,5707.357422,8090.730957,5703.73584
2568,8071.360352,5705.045898,8090.491211,5703.587891
2570,8069.358887,5709.640625,8090.077637,5703.552734
2572,8067.384766,5702.913086,8089.746094,5703.310059
2574,8072.615234,5705.390137,8089.481445,5703.263184
2576,8072.615234,5702.791016,8089.46582,5703.22168
2578,8064.170898,5706.21582,8089.141602,5703
2580,8081.168945,5701.362305,8088.951172,5702.918945
2582,8081.168945,5707.033691,8088.951172,5702.913086
2584,8085.857422,5702.918945,8088.443359,5702.890625
2586,8082.452637,5702.387695,8088.443359,5702.865234
2588,8083.827637,5707.321289,8088.388672,5702.854492
2590,8061.398438,5700.010254,8088.239258,5702.795898
2592,8035.797363,5694.256836,8087.686523,5702.791016
2594,8053.24707,5695.038574,8087.663086,5702.783203
2596,8038.114258,5690.001465,8087.364258,5702.6875
2598,8025.296875,5682.963379,8087.085938,5702.614746
2600,8025.296875,5682.518066,8086.848145,5702.467285
2602,8033.758301,5681.653809,8086.848145,5702.433594
2604,8050.107422,5689.459961,8086.774902,5702.387695
2606,8058.242188,5696.4375,8086.774902,5702.140625
2608,8051.641602,5697.438965,8086.586426,5702.116211
2610,8070.732422,5687.720703,8086.507813,5701.895508
2612,8070.732422,5694.324707,8086.148926,5701.888672
2614,8045.703125,5691.891602,8085.983398,5701.513672
2616,8045.703125,5688.790039,8085.983398,5701.449707
2618,8058.873047,5684.735352,8085.942871,5701.447266
2620,8063.320313,5691.022949,8085.942871,5701.362305
2622,8057.507324,5688.680664,8085.908203,5700.930664
2624,8059.755859,5691.626465,8085.908203,5700.904297
2626,8055.953125,5686.241211,8085.857422,5700.848633
2628,8055.953125,5680.425781,8085.499512,5700.794922
2630,8050.496094,5681.151367,8085.499512,5700.779297
2632,8050.496094,5688.587402,8085.448242,5700.010254
2634,8049.993164,5686.986328,8085.416504,5699.973633
2636,8058.188477,5685.271484,8085.142578,5699.96582
2638,8057.853516,5683.771484,8085.118652,5698.980957
2640,8057.853516,5681.294434,8085.025391,5698.979492
2642,8056.527344,5681.179199,8085.012207,5698.713379
2644,8067.487305,5689.791016,8084.774414,5698.643066
2646,8057.210938,5688.3125,8083.986816,5698.018555
2648,8057.210938,5682.199219,8083.986816,5697.996094
2650,8060.006348,5686.042969,8083.827637,5697.645508
2652,8060.750977,5689.133789,8083.817383,5697.517578
2654,8083.368164,5689.805176,8083.709961,5697.438965
2656,8071.952637,5689.479492,8083.393555,5697.414063
2658,8071.952637,5681.516602,8083.368164,5697.048828
2660,8086.848145,5681.516602,8083.169434,5697.015625
2662,8086.848145,5692.844727,8083.169434,5697.002441
2664,8083.709961,5684.908203,8082.974121,5696.927246
2666,8082.974121,5685.022461,8082.83252,5696.766602
2668,8085.942871,5688.42334,8082.498535,5696.68457
2670,8085.942871,5688.843262,8082.452637,5696.599609
2672,8100.732422,5696.323242,8082.266602,5696.4375
2674,8112.762207,5693.24707,8082.266602,5696.427734
2676,8116.73877,5692.873535,8082.194336,5696.384766
2678,8116.73877,5680.013184,8082.049805,5696.323242
2680,8130.600586,5677.408691,8082.044922,5695.994141
2682,8132.771484,5685.828613,8081.500488,5695.871094
2684,8130.727539,5684.901367,8081.239258,5695.038574
2686,8142.421387,5686.282227,8081.168945,5694.676758
2688,8142.421387,5687.624023,8081.168945,5694.527344
2690,8115.944336,5682.524414,8081.051758,5694.495117
2692,8115.944336,5683.487793,8080.929688,5694.324707
2694,8144.942383,5687.738281,8080.90625,5694.256836
2696,8145.908691,5687.375488,8080.483398,5693.982422
2698,8143.353027,5687.62793,8080.466797,5693.870117
2700,8143.353027,5690.439941,8080.147949,5693.24707
2702,8141.252441,5696.599609,8080.126465,5693.130371
2704,8146.178711,5697.015625,8080.126465,5693.087891
2706,8143.342773,5692.713867,8080.052734,5692.957031
2708,8143.342773,5690.176758,8080.026367,5692.873535
2710,8162.160156,5687.804688,8079.996582,5692.844727
2712,8167.20459,5700.779297,8079.996582,5692.713867
2714,8176.045898,5695.871094,8079.880859,5692.626953
2716,8174.242676,5694.676758,8079.443848,5692.536621
2718,8175.043457,5697.414063,8079.394531,5691.891602
2720,8165.134277,5696.384766,8079.394531,5691.880859
2722,8176.607422,5693.870117,8079.357422,5691.626465
2724,8176.607422,5692.957031,8079.186035,5691.598633
2726,8180.368164,5690.099609,8079.172363,5691.022949
2728,8180.368164,5676.730469,8079.172363,5690.977539
2730,8181.155273,5683.808105,8079.008789,5690.578125
2732,8181.155273,5670.351563,8078.891602,5690.439941
2734,8187.634277,5673.488281,8078.891602,5690.176758
2736,8193.800781,5677.359863,8078.797363,5690.099609
2738,8193.147461,5681.877441,8078.6875,5690.026367
2740,8191.438965,5676.51709,8078.538086,5690.001465
2742,8191.438965,5682.78125,8078.489258,5689.805176
2744,8187.407715,5685.959961,8078.489258,5689.791016
2746,8187.407715,5679.838867,8078.437988,5689.479492
2748,8189.824219,5680.598633,8078.418945,5689.459961
2750,8189.824219,5682.12793,8078.365723,5689.133789
2752,8192.896484,5682.239258,8078.123047,5688.843262
2754,8208.37793,5683.162109,8078.096191,5688.790039
2756,8204.208008,5683.723633,8078.09375,5688.680664
2758,8209.648438,5683.163086,8078.050781,5688.587402
2760,8209.648438,5677.740234,8077.975586,5688.42334
2762,8204.847656,5676.902344,8077.871582,5688.3125
2764,8204.847656,5666.032227,8077.871582,5687.804688
2766,8212.401367,5676.250977,8077.855469,5687.738281
2768,8208.950195,5677.625977,8077.729492,5687.720703
2770,8208.698242,5671.092773,8077.626953,5687.62793
2772,8203.357422,5673.455566,8077.626953,5687.624023
2774,8203.357422,5682.199219,8077.626953,5687.375488
2776,8184.312988,5679.551758,8077.490723,5686.986328
2778,8184.312988,5683.378906,8077.32959,5686.282227
2780,8135.102539,5684.453125,8077.328613,5686.241211
2782,8126.956055,5681.370117,8076.560547,5686.042969
2784,8135.068848,5682.495117,8076.344727,5685.959961
2786,8135.068848,5678.832031,8076.314941,5685.828613
2788,8129.491699,5671.955566,8076.314941,5685.271484
2790,8133.157715,5668.161133,8076.205078,5685.022461
2792,8132.335938,5671.520996,8076.205078,5684.908203
2794,8134.078613,5668.907227,8075.922852,5684.901367
2796,8126.000977,5668.257324,8075.880859,5684.735352
2798,8126.000977,5664.999023,8075.763672,5684.453125
2800,8124.088867,5663.488281,8075.743652,5683.808105
2802,8121.739258,5667.766602,8075.727539,5683.771484
2804,8118.604492,5665.212891,8075.727539,5683.723633
2806,8120.37207,5670.706055,8075.471191,5683.487793
2808,8117.912109,5665.933105,8075.205078,5683.378906
2810,8117.912109,5664.071289,8075.200195,5683.313965
2812,8117.30957,5662.717773,8075.200195,5683.163086
2814,8103.757324,5664.609375,8074.969727,5683.162109
2816,8114.39502,5663.18457,8074.942383,5683.081055
2818,8114.39502,5660.943848,8074.942383,5682.963379
2820,8119.676758,5667.521484,8074.927246,5682.78125
2822,8116.883789,5664.950195,8074.927246,5682.524414
2824,8119.676758,5672.87793,8074.927246,5682.518066
2826,8130.262695,5668.682129,8074.84668,5682.495117
2828,8119.795898,5670.628906,8074.84668,5682.239258
2830,8119.795898,5673.179688,8074.843262,5682.199219
2832,8126.722168,5673.520508,8074.676758,5682.199219
2834,8128.687012,5660.936523,8074.369629,5682.12793
2836,8132.585938,5661.776855,8074.134766,5681.877441
2838,8132.585938,5657.930664,8074.006836,5681.653809
2840,8113.181641,5655.822266,8074.006836,5681.516602
2842,8113.181641,5651.918945,8073.937988,5681.516602
2844,8115.664551,5647.991211,8073.924805,5681.370117
2846,8120.952637,5645.291016,8073.474609,5681.294434
2848,8123.749023,5653.946289,8073.474609,5681.179199
2850,8114.976563,5651.463867,8073.441895,5681.151367
2852,8114.976563,5650.135742,8073.438965,5680.598633
2854,8119.614258,5649.719727,8073.235352,5680.425781
2856,8119.614258,5654.557617,8073.235352,5680.266113
2858,8136.377441,5660.388184,8073.09082,5680.013184
2860,8136.377441,5661.165039,8073.09082,5679.838867
2862,8127.634766,5662.922363,8072.689453,5679.717285
2864,8127.634766,5650.954102,8072.689453,5679.551758
2866,8141.140625,5654.951172,8072.648438,5679.211914
2868,8123.52832,5651.985352,8072.633789,5679.019531
2870,8123.52832,5658.780762,8072.633789,5678.832031
2872,8122.227051,5653.87207,8072.615234,5677.998047
2874,8122.227051,5654.90625,8072.615234,5677.740234
2876,8120.358398,5654.90625,8072.53418,5677.625977
2878,8123.397949,5659.557617,8071.98291,5677.408691
2880,8123.397949,5659.261719,8071.960938,5677.359863
2882,8125.670898,5652.335938,8071.960938,5677.352539
2884,8123.965332,5642.736328,8071.952637,5676.902344
2886,8123.965332,5646.745117,8071.952637,5676.730469
2888,8123.011719,5654.220703,8071.693848,5676.51709
2890,8110.225586,5655.707031,8071.366211,5676.250977
2892,8111.352051,5650.243652,8071.366211,5676.074707
2894,8111.352051,5655.828125,8071.360352,5675.34082
2896,8111.834961,5658.009766,8071.012695,5675.192871
2898,8112.822266,5671.618164,8070.862793,5674.541992
2900,8112.938477,5663.039063,8070.791504,5674.448242
2902,8105.204102,5660.191406,8070.732422,5673.694336
2904,8105.204102,5650.44043,8070.732422,5673.520508
2906,8099.747559,5650.695313,8070.720215,5673.488281
2908,8109.479492,5643.187988,8070.572266,5673.480957
2910,8113.060059,5649.001953,8070.572266,5673.455566
2912,8113.060059,5650.401855,8070.092773,5673.179688
2914,8120.163086,5651.998047,8070.092773,5673.010254
2916,8124.679688,5651.942383,8069.506836,5672.87793
2918,8124.679688,5648.625,8069.486816,5672.18457
2920,8111.585938,5646.504883,8069.385742,5671.955566
2922,8105.057617,5649.491211,8069.358887,5671.618164
2924,8105.178711,5652.216797,8069.354004,5671.520996
2926,8095.043457,5653.813477,8069.354004,5671.181641
2928,8101.604492,5650.378418,8069.102051,5671.092773
2930,8121.348145,5649.259766,8069.043457,5671.010254
2932,8114.314453,5653.623535,8068.838867,5670.748047
2934,8114.314453,5661.805176,8068.723633,5670.706055
2936,8121.668945,5653.689453,8068.723633,5670.686035
2938,8118.933105,5640.230957,8068.641602,5670.628906
2940,8128.915527,5636.938477,8068.608887,5670.351563
2942,8118.634766,5637.972656,8068.608887,5670.155273
2944,8085.499512,5640.509766,8068.587891,5669.993164
2946,8085.499512,5649.214844,8068.587891,5669.576172
2948,8080.90625,5648.960938,8068.429688,5669.231445
2950,8080.126465,5637.22168,8068.429688,5668.90918
2952,8080.126465,5636.904297,8067.838379,5668.907227
2954,8082.266602,5636.609863,8067.81543,5668.682129
2956,8082.266602,5642.597168,8067.81543,5668.257324
2958,8074.843262,5645.794922,8067.695801,5668.25293
2960,8073.09082,5647.65918,8067.487305,5668.161133
2962,8073.09082,5644.76123,8067.384766,5668.063477
2964,8061.677734,5642.20752,8067.354492,5667.766602
2966,8060.717773,5641.541504,8067.354492,5667.521484
2968,8068.723633,5642.713867,8067.332031,5667.393066
2970,8068.723633,5639.560059,8067.332031,5667.379883
2972,8069.506836,5638.897949,8067.256836,5666.550293
2974,8066.203125,5643.773438,8067.256836,5666.456055
2976,8056.556152,5639.665527,8067.023438,5666.387695
2978,8056.556152,5633.868164,8067.023438,5666.032227
2980,8051.402832,5627.4375,8066.532715,5665.956543
2982,8057.875977,5633.346191,8066.532227,5665.933105
2984,8058.001953,5633.54541,8066.317871,5665.665039
2986,8060.248535,5632.243164,8066.203125,5665.297852
2988,8060.248535,5629.275391,8066.178711,5665.212891
2990,8060.210938,5642.616211,8065.395508,5665.10498
2992,8060.210938,5632.129883,8065.395508,5664.999023
2994,8060.654297,5642.769531,8065.342773,5664.987305
2996,8065.134766,5635.70166,8065.342773,5664.950195
2998,8065.134766,5636.030273,8065.335449,5664.810547
3000,8061.707031,5637.59082,8065.330078,5664.761719
3002,8054.505859,5649.755371,8065.330078,5664.738281
3004,8044.790527,5649.268066,8065.304199,5664.701172
3006,8048.828125,5644.679199,8065.288086,5664.697266
3008,8051.994141,5638.005859,8065.134766,5664.658203
3010,8051.994141,5644.45459,8065.134766,5664.609375
3012,8055.22168,5638.771973,8065.01123,5664.569336
3014,8055.22168,5642.40332,8064.931152,5664.432617
3016,8053.45459,5642.40332,8064.698242,5664.071289
3018,8060.390625,5647.944336,8064.407227,5663.752441
3020,8053.091797,5642.939453,8064.358398,5663.569824
3022,8053.091797,5637.859375,8064.170898,5663.488281
3024,8067.695801,5634.982422,8063.869141,5663.481445
3026,8063.849609,5639.507813,8063.849609,5663.40918
3028,8065.304199,5642.925781,8063.768555,5663.306152
3030,8063.227051,5657.182617,8063.768555,5663.18457
3032,8063.227051,5653.337891,8063.737793,5663.039063
3034,8058.741211,5649.703125,8063.737793,5663.006836
3036,8058.741211,5645.274414,8063.569336,5662.922363
3038,8043.348633,5650.741699,8063.420898,5662.717773
3040,8047.722656,5644.864746,8063.320313,5662.620117
3042,8047.722656,5649.597656,8063.22998,5662.347168
3044,8042.519531,5646.891602,8063.22998,5662.259766
3046,8047.684082,5648.370117,8063.227051,5662.168945
3048,8060.916016,5641.584961,8063.227051,5662.025879
3050,8060.916016,5645.380371,8063.114258,5661.870117
3052,8048.308105,5643.40332,8063.114258,5661.805176
3054,8055.648438,5645.351563,8062.965332,5661.776855
3056,8052.621582,5638.370117,8062.639648,5661.776367
3058,8052.621582,5640.841309,8062.599609,5661.694824
3060,8056.40625,5636.775391,8062.284668,5661.667969
3062,8061.307129,5636.150391,8062.124023,5661.509277
3064,8053.219727,5636.150391,8061.90332,5661.339844
3066,8050.908203,5659.746094,8061.839355,5661.323242
3068,8047.422363,5662.347168,8061.73877,5661.282227
3070,8047.422363,5702.433594,8061.707031,5661.181641
3072,8050.628906,5700.904297,8061.677734,5661.165039
3074,8043.413086,5698.979492,8061.398438,5660.964844
3076,8048.463867,5704.027344,8061.310059,5660.943848
3078,8042.908203,5715.479492,8061.307129,5660.936523
3080,8041.931641,5718.179688,8060.916016,5660.77002
3082,8044.717773,5712.800781,8060.916016,5660.647461
3084,8044.717773,5706.833496,8060.789063,5660.608398
3086,8044.522949,5705.770508,8060.750977,5660.59375
3088,8038.29248,5712.546387,8060.717773,5660.388184
3090,8037.533203,5714.544922,8060.654297,5660.191406
3092,8035.232422,5715.126953,8060.581055,5659.746094
3094,8035.232422,5712.800293,8060.581055,5659.557617
3096,8034.430176,5714.710938,8060.580078,5659.261719
3098,8034.430176,5703.930664,8060.465332,5658.99707
3100,8016.611328,5696.927246,8060.442383,5658.780762
3102,8006.038574,5695.994141,8060.441895,5658.251953
3104,8017.02002,5701.895508,8060.441895,5658.009766
3106,8017.02002,5702.116211,8060.390625,5657.930664
3108,8013.689941,5703.22168,8060.248535,5657.466797
3110,8001.993652,5705.106934,8060.248535,5657.242188
3112,8001.993652,5706.52832,8060.210938,5657.182617
3114,7990.812012,5708.158203,8060.210938,5657
3116,7988.625977,5711.953613,8060.178223,5656.77832
3118,7988.625977,5716.578613,8060.05957,5656.17627
3120,7995.209961,5711.461914,8060.01709,5656.076172
3122,7996.402832,5707.348145,8060.01709,5656.051758
3124,7996.402832,5712.286133,8060.006348,5655.828125
3126,8000.365234,5712.888672,8059.755859,5655.822266
3128,7999.208496,5716.706055,8059.67041,5655.707031
3130,8005.109863,5717.045898,8059.67041,5655.419922
3132,8005.109863,5721.844727,8059.564453,5655.098633
3134,8002.897461,5724.237793,8058.873047,5654.951172
3136,7995.572754,5729.5,8058.741211,5654.90625
3138,7991.452148,5727.517578,8058.741211,5654.90625
3140,7987.44043,5731.033203,8058.5625,5654.70166
3142,7987.44043,5726.326172,8058.5625,5654.557617
3144,7997.819336,5723.402832,8058.533691,5654.393555
3146,7996.732422,5720.72168,8058.533691,5654.376465
3148,8004.583496,5715.605469,8058.242188,5654.274414
3150,7998.981934,5714.522949,8058.188477,5654.220703
3152,7998.981934,5711.212891,8058.165039,5654.208008
3154,7999.542969,5717.546387,8058.165039,5653.946289
3156,7988.346191,5719.458496,8058.001953,5653.87207
3158,7987.715332,5718.296387,8057.875977,5653.813477
3160,7984.230469,5722.881836,8057.853516,5653.771973
3162,7982.424805,5723.000977,8057.853516,5653.755371
3164,7978.456543,5724.259766,8057.507324,5653.689453
3166,7978.456543,5722.537109,8057.210938,5653.623535
3168,7967.404297,5724.69043,8057.210938,5653.530273
3170,7973.989746,5717.851563,8056.822266,5653.337891
3172,7961.383789,5716.990234,8056.556152,5653.293945
3174,7961.383789,5721.981445,8056.556152,5653.149414
3176,7967.882324,5728.18457,8056.527344,5653.047852
3178,7965.182617,5724.267578,8056.50293,5653.006836
3180,7965.084961,5724.027832,8056.430664,5652.857422
3182,7964.742188,5723.227539,8056.40625,5652.771484
3184,7968.897949,5720.84668,8055.953125,5652.614258
3186,7973.834473,5721.088867,8055.953125,5652.46582
3188,7991.140625,5713.362305,8055.91748,5652.335938
3190,7995.282227,5714.245605,8055.648438,5652.335938
3192,7995.282227,5717.361328,8055.500977,5652.216797
3194,7998.955078,5716.595703,8055.314941,5652.10498
3196,7994.442871,5730.303711,8055.22168,5651.998047
3198,7994.442871,5733.992188,8055.22168,5651.985352
3200,8006.083496,5724.700684,8055.055176,5651.942383
3202,8003.125,5722.57373,8054.887695,5651.918945
3204,7998.81543,5722.899902,8054.505859,5651.910645
3206,7998.81543,5729.813477,8053.667969,5651.828125
3208,8006.905273,5724.847656,8053.667969,5651.795898
3210,8006.000488,5720.979492,8053.45459,5651.691895
3212,7991.185547,5720.380371,8053.24707,5651.631836
3214,7990.060547,5719.225098,8053.219727,5651.509766
3216,7989.422363,5724.660156,8053.091797,5651.49707
3218,7989.422363,5728.630859,8053.091797,5651.463867
3220,7989.413086,5732.871582,8052.811523,5651.188477
3222,7989.413086,5737.557129,8052.621582,5650.976074
3224,7990.777344,5729.011719,8052.621582,5650.954102
3226,7986.82666,5717.416992,8052.086914,5650.882813
3228,7991.915039,5701.888672,8052.080078,5650.741699
3230,7991.915039,5683.313965,8051.994141,5650.695313
3232,7977.161133,5679.019531,8051.994141,5650.44043
3234,7984.237305,5651.910645,8051.799805,5650.401855
3236,7984.376465,5651.828125,8051.641602,5650.401367
3238,7995.793945,5647.794922,8051.43457,5650.38916
3240,7993.512207,5647.542969,8051.43457,5650.378418
3242,7993.512207,5645.360352,8051.402832,5650.376953
3244,8001.982422,5642.788574,8051.222168,5650.243652
3246,8009.643555,5634.141113,8050.921875,5650.135742
3248,8009.643555,5638.172852,8050.921875,5650.000488
3250,8012.615234,5639.867188,8050.908203,5649.961914
3252,8012.615234,5637.629395,8050.820801,5649.755371
3254,8012.000977,5633.472656,8050.628906,5649.719727
3256,8012.000977,5633.074219,8050.496094,5649.703125
3258,7984.419434,5642.641113,8050.496094,5649.614746
3260,7978.522949,5646.496094,8050.213379,5649.597656
3262,7984.469727,5648.686523,8050.107422,5649.491211
3264,7984.469727,5643.385742,8049.993164,5649.38916
3266,8010.520996,5646.833008,8049.352539,5649.274414
3268,8007.095215,5636.755859,8049.027832,5649.268066
3270,8020.000488,5644.171875,8048.828125,5649.259766
3272,8023.960938,5647.391602,8048.463867,5649.238281
3274,8023.960938,5639.552734,8048.352051,5649.234375
3276,8014.722656,5637.131836,8048.352051,5649.214844
3278,8017.812988,5637.695313,8048.30957,5649.174805
3280,8021.152832,5638.229004,8048.308105,5649.001953
3282,8021.152832,5635.649414,8047.859863,5648.960938
3284,8016.295898,5637.207031,8047.780762,5648.924316
3286,7997.196289,5638.852539,8047.722656,5648.890137
3288,8005.741211,5641.416016,8047.722656,5648.686523
3290,7992.620117,5642.734375,8047.684082,5648.637695
3292,7988.653809,5637.40332,8047.666992,5648.637695
3294,7997.020508,5638.785156,8047.666992,5648.625
3296,7997.020508,5644.85791,8047.422363,5648.574219
3298,7996.507324,5639.229492,8047.422363,5648.501953
3300,8010.29834,5637.550781,8047.293457,5648.370117
3302,8010.29834,5636.989258,8047.293457,5648.149414
3304,8016.12207,5633.265625,8046.663574,5648.112305
3306,8020.012695,5641.162109,8046.663574,5648.006836
3308,8027.952148,5638.637695,8045.766113,5647.991211
3310,8035.65918,5640.919922,8045.703125,5647.944336
3312,8034.862305,5640.595215,8045.703125,5647.892578
3314,8032.129395,5640.726563,8045.339844,5647.794922
3316,8043.956543,5639.128418,8045.339844,5647.65918
3318,8043.956543,5639.451172,8045.258789,5647.608398
3320,8042.958496,5635.635742,8044.790527,5647.587891
3322,8034.140137,5633.853516,8044.717773,5647.557617
3324,8055.055176,5640.77002,8044.717773,5647.542969
3326,8049.352539,5639.663086,8044.693359,5647.391602
3328,8042.446777,5640.768555,8044.693359,5647.15332
3330,8044.441895,5638.261719,8044.522949,5646.902344
3332,8047.666992,5641.554199,8044.441895,5646.891602
3334,8047.666992,5644.673828,8044.067383,5646.833008
3336,8047.293457,5640.229004,8044.067383,5646.745117
3338,8047.293457,5642.885254,8043.956543,5646.561523
3340,8045.766113,5638.733398,8043.956543,5646.560547
3342,8052.811523,5641.299805,8043.413086,5646.545898
3344,8044.693359,5642.311523,8043.376953,5646.541016
3346,8044.693359,5641.331055,8043.348633,5646.504883
3348,8056.822266,5639.608887,8043.222656,5646.496094
3350,8047.859863,5639.128906,8042.958496,5646.277344
3352,8050.820801,5661.776367,8042.908203,5645.794922
3354,8058.533691,5658.251953,8042.519531,5645.380371
3356,8058.533691,5654.376465,8042.446777,5645.360352
3358,8060.178223,5648.924316,8041.931641,5645.351563
3360,8050.921875,5648.006836,8040.556152,5645.291016
3362,8050.921875,5653.530273,8038.29248,5645.274414
3364,8074.84668,5646.561523,8038.114258,5645.043457
3366,8074.84668,5649.274414,8037.533203,5644.864746
3368,8066.532227,5651.49707,8035.797363,5644.85791
3370,8067.838379,5656.076172,8035.65918,5644.76123
3372,8068.429688,5696.766602,8035.232422,5644.679199
3374,8068.429688,5696.68457,8035.232422,5644.673828
3376,8067.81543,5702.854492,8034.862305,5644.45459
3378,8067.81543,5697.048828,8034.430176,5644.425293
3380,8070.720215,5703.776367,8034.430176,5644.231445
3382,8072.633789,5702.890625,8034.140137,5644.222168
3384,8072.633789,5701.513672,8033.758301,5644.171875
3386,8076.205078,5702.140625,8032.129395,5644.079102
3388,8056.430664,5697.517578,8027.952148,5643.773438
3390,8059.564453,5704.451172,8025.296875,5643.482422
3392,8060.465332,5740.148926,8025.296875,5643.40332
3394,8055.91748,5730.146484,8023.960938,5643.385742
3396,8063.869141,5716.64502,8023.960938,5643.233398
3398,8060.441895,5720.172363,8021.152832,5643.187988
3400,8060.441895,5720.968262,8021.152832,5643.015137
3402,8063.420898,5720.806152,8020.012695,5642.939453
3404,8060.581055,5716.393555,8020.000488,5642.925781
3406,8060.581055,5712.939453,8017.812988,5642.885254
3408,8056.50293,5716.232422,8017.02002,5642.788574
3410,8061.839355,5714.561523,8017.02002,5642.78418
3412,8060.789063,5711.796875,8016.611328,5642.769531
3414,8065.288086,5714.645508,8016.295898,5642.736328
3416,8063.737793,5717.75,8016.12207,5642.734375
3418,8063.737793,5717.166016,8014.722656,5642.713867
3420,8055.314941,5719.203125,8013.689941,5642.708008
3422,8043.376953,5720.38916,8012.615234,5642.641113
3424,8045.258789,5725.078613,8012.615234,5642.616211
3426,8051.43457,5711.625488,8012.000977,5642.597168
3428,8051.43457,5721.268555,8012.000977,5642.558594
3430,8047.780762,5723.882324,8010.520996,5642.558594
3432,8052.080078,5717.631836,8010.29834,5642.40332
3434,8050.213379,5709.679688,8010.29834,5642.40332
3436,8053.667969,5717.938477,8009.643555,5642.311523
3438,8053.667969,5720.993164,8009.643555,5642.20752
3440,8052.086914,5720.993164,8007.095215,5641.750977
3442,8046.663574,5707.431152,8006.905273,5641.584961
3444,8046.663574,5704.676758,8006.083496,5641.562012
3446,8043.222656,5701.449707,8006.038574,5641.554199
3448,8048.352051,5700.930664,8006.000488,5641.541504
3450,8048.352051,5698.980957,8005.741211,5641.521484
3452,8054.887695,5699.973633,8005.109863,5641.416016
3454,8060.05957,5693.982422,8005.109863,5641.331055
3456,8055.500977,5693.087891,8004.583496,5641.299805
3458,8062.599609,5690.578125,8003.125,5641.162109
3460,8058.165039,5691.598633,8002.897461,5640.919922
3462,8058.165039,5692.536621,8001.993652,5640.841309
3464,8051.799805,5692.626953,8001.993652,5640.77002
3466,8067.023438,5694.527344,8001.982422,5640.768555
3468,8067.023438,5701.447266,8000.365234,5640.726563
3470,8071.366211,5703.552734,7999.542969,5640.648926
3472,8071.366211,5703.954102,7999.208496,5640.595215
3474,8077.729492,5698.643066,7998.981934,5640.537598
3476,8067.256836,5697.002441,7998.981934,5640.509766
3478,8067.256836,5694.495117,7998.955078,5640.230957
3480,8068.838867,5691.880859,7998.81543,5640.229004
3482,8066.178711,5690.977539,7998.81543,5640.098145
3484,8063.569336,5698.018555,7997.819336,5639.867188
3486,8065.01123,5702.614746,7997.196289,5639.665527
3488,8069.043457,5706.787109,7997.020508,5639.663086
3490,8070.572266,5707.447266,7997.020508,5639.608887
3492,8070.572266,5703.73584,7996.732422,5639.560059
3494,8070.791504,5707.544922,7996.507324,5639.552734
3496,8076.560547,5704.233398,7996.402832,5639.507813
3498,8079.008789,5703,7996.402832,5639.451172
3500,8075.743652,5693.130371,7995.793945,5639.229492
3502,8083.169434,5697.996094,7995.572754,5639.128906
3504,8083.169434,5707.937988,7995.282227,5639.128418
3506,8082.83252,5708.394043,7995.282227,5638.897949
3508,8078.891602,5707.603516,7995.209961,5638.852539
3510,8078.891602,5708.895508,7994.442871,5638.785156
3512,8079.357422,5708.895508,7994.442871,5638.771973
3514,8085.012207,5715.951172,7993.512207,5638.733398
3516,8079.172363,5714.552734,7993.512207,5638.637695
3518,8079.172363,5711.947266,7992.620117,5638.370117
3520,8076.205078,5709.259766,7991.915039,5638.261719
3522,8073.924805,5712.546875,7991.915039,5638.229004
3524,8088.443359,5708.882813,7991.452148,5638.172852
3526,8088.443359,5707.689941,7991.185547,5638.005859
3528,8086.586426,5717.741211,7991.140625,5637.972656
3530,8087.663086,5716.283203,7990.812012,5637.859375
3532,8093.228516,5714.011719,7990.777344,5637.695313
3534,8093.228516,5712.030273,7990.060547,5637.629395
3536,8093.838867,5709.807129,7989.422363,5637.59082
3538,8092.498535,5712.393555,7989.422363,5637.550781
3540,8087.686523,5720.882813,7989.413086,5637.40332
3542,8091.226074,5721.076172,7989.413086,5637.22168
3544,8094.183594,5716.314453,7988.653809,5637.207031
3546,8094.602051,5717.117188,7988.625977,5637.131836
3548,8122.428711,5711.305664,7988.625977,5636.989258
3550,8111.175781,5704.171875,7988.346191,5636.938477
3552,8118.717773,5705.217773,7987.715332,5636.904297
3554,8118.717773,5703.587891,7987.44043,5636.775391
3556,8110.250488,5702.467285,7987.44043,5636.755859
3558,8123.458008,5703.310059,7986.82666,5636.609863
3560,8123.458008,5715.482422,7984.469727,5636.150391
3562,8109.305664,5699.96582,7984.469727,5636.150391
3564,8090.730957,5703.882813,7984.419434,5636.030273
3566,8090.730957,5704.035156,7984.376465,5635.70166
3568,8091.975586,5706.412598,7984.237305,5635.649414
3570,8096.704102,5718.376953,7984.230469,5635.635742
3572,8078.797363,5718.967285,7982.424805,5634.982422
3574,8080.026367,5713.244629,7978.522949,5634.141113
3576,8080.929688,5711.03418,7978.456543,5633.868164
3578,8069.486816,5714.178711,7978.456543,5633.853516
3580,8068.587891,5715.277344,7977.161133,5633.588867
3582,8068.587891,5713.841797,7973.989746,5633.54541
3584,8061.310059,5716.912109,7973.834473,5633.472656
3586,8049.027832,5717.915039,7968.897949,5633.346191
3588,8045.339844,5713.342773,7967.882324,5633.265625
3590,8045.339844,5710.942383,7967.404297,5633.074219
3592,8044.067383,5711.786133,7965.182617,5632.243164
3594,8044.067383,5705.914551,7965.084961,5632.129883
3596,8048.30957,5709.871094,7964.742188,5629.275391
3598,8051.222168,5709.544434,7961.383789,5627.4375
